onset	duration	sample	trial_type	response_time	stim_file	value
0.0000000000	n/a	n/a	STATUS	n/a	n/a	boundary
130.4300000000	n/a	n/a	STATUS	n/a	n/a	S255
175.3120000000	n/a	n/a	Trn Stim: FE	n/a	n/a	S143
176.3420000000	n/a	n/a	Trn Resp: right,correct	n/a	n/a	S102
176.9620000000	n/a	n/a	FB: +1	n/a	n/a	S  8
179.1720000000	n/a	n/a	Trn Stim: DC	n/a	n/a	S152
180.1520000000	n/a	n/a	Trn Resp: right,correct	n/a	n/a	S102
180.8460000000	n/a	n/a	FB: +1	n/a	n/a	S  8
183.0320000000	n/a	n/a	Trn Stim: BA	n/a	n/a	S161
184.7440000000	n/a	n/a	Trn Resp: right,correct	n/a	n/a	S102
185.2780000000	n/a	n/a	FB: +1	n/a	n/a	S  8
187.4460000000	n/a	n/a	Trn Stim: EF	n/a	n/a	S134
188.8080000000	n/a	n/a	Trn Resp: right,incorrect	n/a	n/a	S104
189.4100000000	n/a	n/a	FB: 0	n/a	n/a	S  9
191.5940000000	n/a	n/a	Trn Stim: BA	n/a	n/a	S161
192.8080000000	n/a	n/a	Trn Resp: right,correct	n/a	n/a	S102
193.4900000000	n/a	n/a	FB: +1	n/a	n/a	S  8
195.6600000000	n/a	n/a	Trn Stim: DC	n/a	n/a	S152
197.2560000000	n/a	n/a	Trn Resp: right,correct	n/a	n/a	S102
197.8060000000	n/a	n/a	FB: +1	n/a	n/a	S  8
199.9740000000	n/a	n/a	Trn Stim: CD	n/a	n/a	S125
201.0960000000	n/a	n/a	Trn Resp: left,correct	n/a	n/a	S101
201.5880000000	n/a	n/a	FB: +1	n/a	n/a	S  8
203.7560000000	n/a	n/a	Trn Stim: AB	n/a	n/a	S116
205.1040000000	n/a	n/a	Trn Resp: left,correct	n/a	n/a	S101
205.6860000000	n/a	n/a	FB: +1	n/a	n/a	S  8
207.8560000000	n/a	n/a	Trn Stim: EF	n/a	n/a	S134
209.3920000000	n/a	n/a	Trn Resp: right,incorrect	n/a	n/a	S104
209.9020000000	n/a	n/a	FB: 0	n/a	n/a	S  9
212.0700000000	n/a	n/a	Trn Stim: FE	n/a	n/a	S143
213.7840000000	n/a	n/a	Trn Resp: left,incorrect	n/a	n/a	S103
214.4500000000	n/a	n/a	FB: 0	n/a	n/a	S  9
216.6200000000	n/a	n/a	Trn Stim: CD	n/a	n/a	S125
218.0160000000	n/a	n/a	Trn Resp: left,correct	n/a	n/a	S101
218.7000000000	n/a	n/a	FB: +1	n/a	n/a	S  8
220.8680000000	n/a	n/a	Trn Stim: AB	n/a	n/a	S116
222.0400000000	n/a	n/a	Trn Resp: left,correct	n/a	n/a	S101
222.7320000000	n/a	n/a	FB: +1	n/a	n/a	S  8
224.9000000000	n/a	n/a	Trn Stim: EF	n/a	n/a	S134
226.1840000000	n/a	n/a	Trn Resp: right,incorrect	n/a	n/a	S104
226.7460000000	n/a	n/a	FB: +1	n/a	n/a	S  8
228.9160000000	n/a	n/a	Trn Stim: AB	n/a	n/a	S116
230.6560000000	n/a	n/a	Trn Resp: left,correct	n/a	n/a	S101
231.2780000000	n/a	n/a	FB: +1	n/a	n/a	S  8
233.4480000000	n/a	n/a	Trn Stim: DC	n/a	n/a	S152
234.6960000000	n/a	n/a	Trn Resp: right,correct	n/a	n/a	S102
235.1780000000	n/a	n/a	FB: 0	n/a	n/a	S  9
237.3460000000	n/a	n/a	Trn Stim: AB	n/a	n/a	S116
238.3680000000	n/a	n/a	Trn Resp: left,correct	n/a	n/a	S101
238.9940000000	n/a	n/a	FB: +1	n/a	n/a	S  8
241.1620000000	n/a	n/a	Trn Stim: FE	n/a	n/a	S143
242.3200000000	n/a	n/a	Trn Resp: left,incorrect	n/a	n/a	S103
242.9420000000	n/a	n/a	FB: 0	n/a	n/a	S  9
245.1100000000	n/a	n/a	Trn Stim: DC	n/a	n/a	S152
246.2320000000	n/a	n/a	Trn Resp: left,incorrect	n/a	n/a	S103
246.8900000000	n/a	n/a	FB: +1	n/a	n/a	S  8
249.0600000000	n/a	n/a	Trn Stim: EF	n/a	n/a	S134
250.2800000000	n/a	n/a	Trn Resp: right,incorrect	n/a	n/a	S104
250.9560000000	n/a	n/a	FB: 0	n/a	n/a	S  9
253.1240000000	n/a	n/a	Trn Stim: DC	n/a	n/a	S152
253.9120000000	n/a	n/a	Trn Resp: left,incorrect	n/a	n/a	S103
254.5060000000	n/a	n/a	FB: 0	n/a	n/a	S  9
256.7240000000	n/a	n/a	Trn Stim: BA	n/a	n/a	S161
258.1600000000	n/a	n/a	Trn Resp: right,correct	n/a	n/a	S102
258.6700000000	n/a	n/a	FB: +1	n/a	n/a	S  8
260.8400000000	n/a	n/a	Trn Stim: AB	n/a	n/a	S116
261.8800000000	n/a	n/a	Trn Resp: left,correct	n/a	n/a	S101
262.4360000000	n/a	n/a	FB: 0	n/a	n/a	S  9
264.6040000000	n/a	n/a	Trn Stim: FE	n/a	n/a	S143
266.0480000000	n/a	n/a	Trn Resp: left,incorrect	n/a	n/a	S103
266.5840000000	n/a	n/a	FB: 0	n/a	n/a	S  9
268.7540000000	n/a	n/a	Trn Stim: CD	n/a	n/a	S125
270.7940000000	n/a	n/a	Trn Resp: right,incorrect	n/a	n/a	S104
271.3340000000	n/a	n/a	FB: +1	n/a	n/a	S  8
273.5020000000	n/a	n/a	Trn Stim: CD	n/a	n/a	S125
274.6580000000	n/a	n/a	Trn Resp: right,incorrect	n/a	n/a	S104
275.3320000000	n/a	n/a	FB: 0	n/a	n/a	S  9
277.5000000000	n/a	n/a	Trn Stim: FE	n/a	n/a	S143
279.6580000000	n/a	n/a	Trn Resp: left,incorrect	n/a	n/a	S103
280.3460000000	n/a	n/a	FB: +1	n/a	n/a	S  8
282.5160000000	n/a	n/a	Trn Stim: AB	n/a	n/a	S116
283.4740000000	n/a	n/a	Trn Resp: left,correct	n/a	n/a	S101
284.0620000000	n/a	n/a	FB: 0	n/a	n/a	S  9
286.2320000000	n/a	n/a	Trn Stim: CD	n/a	n/a	S125
287.5540000000	n/a	n/a	Trn Resp: right,incorrect	n/a	n/a	S104
288.1940000000	n/a	n/a	FB: 0	n/a	n/a	S  9
290.3640000000	n/a	n/a	Trn Stim: AB	n/a	n/a	S116
291.3540000000	n/a	n/a	Trn Resp: left,correct	n/a	n/a	S101
291.9440000000	n/a	n/a	FB: +1	n/a	n/a	S  8
294.1120000000	n/a	n/a	Trn Stim: FE	n/a	n/a	S143
295.4420000000	n/a	n/a	Trn Resp: right,correct	n/a	n/a	S102
296.0580000000	n/a	n/a	FB: 0	n/a	n/a	S  9
298.2280000000	n/a	n/a	Trn Stim: BA	n/a	n/a	S161
299.2100000000	n/a	n/a	Trn Resp: right,correct	n/a	n/a	S102
299.8900000000	n/a	n/a	FB: +1	n/a	n/a	S  8
302.0600000000	n/a	n/a	Trn Stim: CD	n/a	n/a	S125
303.5220000000	n/a	n/a	Trn Resp: left,correct	n/a	n/a	S101
304.1060000000	n/a	n/a	FB: +1	n/a	n/a	S  8
306.2740000000	n/a	n/a	Trn Stim: EF	n/a	n/a	S134
307.5540000000	n/a	n/a	Trn Resp: right,incorrect	n/a	n/a	S104
308.1540000000	n/a	n/a	FB: 0	n/a	n/a	S  9
310.3240000000	n/a	n/a	Trn Stim: BA	n/a	n/a	S161
311.5460000000	n/a	n/a	Trn Resp: right,correct	n/a	n/a	S102
312.1540000000	n/a	n/a	FB: 0	n/a	n/a	S  9
314.3240000000	n/a	n/a	Trn Stim: FE	n/a	n/a	S143
315.3380000000	n/a	n/a	Trn Resp: left,incorrect	n/a	n/a	S103
315.8360000000	n/a	n/a	FB: 0	n/a	n/a	S  9
318.0060000000	n/a	n/a	Trn Stim: CD	n/a	n/a	S125
319.8900000000	n/a	n/a	Trn Resp: right,incorrect	n/a	n/a	S104
320.5680000000	n/a	n/a	FB: 0	n/a	n/a	S  9
322.7380000000	n/a	n/a	Trn Stim: BA	n/a	n/a	S161
324.1380000000	n/a	n/a	Trn Resp: right,correct	n/a	n/a	S102
324.6500000000	n/a	n/a	FB: +1	n/a	n/a	S  8
326.8200000000	n/a	n/a	Trn Stim: CD	n/a	n/a	S125
327.8580000000	n/a	n/a	Trn Resp: left,correct	n/a	n/a	S101
328.3660000000	n/a	n/a	FB: 0	n/a	n/a	S  9
330.5340000000	n/a	n/a	Trn Stim: EF	n/a	n/a	S134
331.8500000000	n/a	n/a	Trn Resp: right,incorrect	n/a	n/a	S104
332.4140000000	n/a	n/a	FB: +1	n/a	n/a	S  8
334.5820000000	n/a	n/a	Trn Stim: BA	n/a	n/a	S161
335.7940000000	n/a	n/a	Trn Resp: right,correct	n/a	n/a	S102
336.3800000000	n/a	n/a	FB: 0	n/a	n/a	S  9
338.5480000000	n/a	n/a	Trn Stim: EF	n/a	n/a	S134
339.4820000000	n/a	n/a	Trn Resp: right,incorrect	n/a	n/a	S104
340.1440000000	n/a	n/a	FB: 0	n/a	n/a	S  9
342.3140000000	n/a	n/a	Trn Stim: CD	n/a	n/a	S125
343.9300000000	n/a	n/a	Trn Resp: right,incorrect	n/a	n/a	S104
344.4760000000	n/a	n/a	FB: +1	n/a	n/a	S  8
346.6460000000	n/a	n/a	Trn Stim: FE	n/a	n/a	S143
348.3140000000	n/a	n/a	Trn Resp: left,incorrect	n/a	n/a	S103
348.9080000000	n/a	n/a	FB: 0	n/a	n/a	S  9
351.0780000000	n/a	n/a	Trn Stim: AB	n/a	n/a	S116
352.2100000000	n/a	n/a	Trn Resp: left,correct	n/a	n/a	S101
352.8900000000	n/a	n/a	FB: +1	n/a	n/a	S  8
355.0600000000	n/a	n/a	Trn Stim: DC	n/a	n/a	S152
356.5700000000	n/a	n/a	Trn Resp: left,incorrect	n/a	n/a	S103
357.1720000000	n/a	n/a	FB: +1	n/a	n/a	S  8
359.3420000000	n/a	n/a	Trn Stim: EF	n/a	n/a	S134
360.6500000000	n/a	n/a	Trn Resp: right,incorrect	n/a	n/a	S104
361.2040000000	n/a	n/a	FB: 0	n/a	n/a	S  9
363.3740000000	n/a	n/a	Trn Stim: DC	n/a	n/a	S152
365.2420000000	n/a	n/a	Trn Resp: left,incorrect	n/a	n/a	S103
365.8700000000	n/a	n/a	FB: 0	n/a	n/a	S  9
368.0380000000	n/a	n/a	Trn Stim: AB	n/a	n/a	S116
368.9220000000	n/a	n/a	Trn Resp: left,correct	n/a	n/a	S101
369.5200000000	n/a	n/a	FB: +1	n/a	n/a	S  8
371.6880000000	n/a	n/a	Trn Stim: DC	n/a	n/a	S152
373.1620000000	n/a	n/a	Trn Resp: left,incorrect	n/a	n/a	S103
373.8180000000	n/a	n/a	FB: 0	n/a	n/a	S  9
375.9860000000	n/a	n/a	Trn Stim: AB	n/a	n/a	S116
377.3700000000	n/a	n/a	Trn Resp: left,correct	n/a	n/a	S101
377.9660000000	n/a	n/a	FB: +1	n/a	n/a	S  8
380.1360000000	n/a	n/a	Trn Stim: FE	n/a	n/a	S143
381.1620000000	n/a	n/a	Trn Resp: right,correct	n/a	n/a	S102
381.8160000000	n/a	n/a	FB: 0	n/a	n/a	S  9
383.9840000000	n/a	n/a	Trn Stim: BA	n/a	n/a	S161
384.8260000000	n/a	n/a	Trn Resp: right,correct	n/a	n/a	S102
385.4980000000	n/a	n/a	FB: +1	n/a	n/a	S  8
387.6660000000	n/a	n/a	Trn Stim: EF	n/a	n/a	S134
388.9540000000	n/a	n/a	Trn Resp: right,incorrect	n/a	n/a	S104
389.5460000000	n/a	n/a	FB: +1	n/a	n/a	S  8
391.7140000000	n/a	n/a	Trn Stim: DC	n/a	n/a	S152
392.8520000000	n/a	n/a	Trn Resp: left,incorrect	n/a	n/a	S103
393.3440000000	n/a	n/a	FB: 0	n/a	n/a	S  9
395.5140000000	n/a	n/a	Trn Stim: BA	n/a	n/a	S161
396.2680000000	n/a	n/a	Trn Resp: right,correct	n/a	n/a	S102
396.9600000000	n/a	n/a	FB: +1	n/a	n/a	S  8
399.1300000000	n/a	n/a	Trn Stim: EF	n/a	n/a	S134
401.0920000000	n/a	n/a	Trn Resp: left,correct	n/a	n/a	S101
401.7080000000	n/a	n/a	FB: 0	n/a	n/a	S  9
403.8780000000	n/a	n/a	Trn Stim: CD	n/a	n/a	S125
405.2600000000	n/a	n/a	Trn Resp: right,incorrect	n/a	n/a	S104
405.8920000000	n/a	n/a	FB: 0	n/a	n/a	S  9
408.0600000000	n/a	n/a	Trn Stim: BA	n/a	n/a	S161
408.8680000000	n/a	n/a	Trn Resp: right,correct	n/a	n/a	S102
409.4900000000	n/a	n/a	FB: +1	n/a	n/a	S  8
411.6580000000	n/a	n/a	Trn Stim: DC	n/a	n/a	S152
412.4200000000	n/a	n/a	Trn Resp: left,incorrect	n/a	n/a	S103
413.0560000000	n/a	n/a	FB: 0	n/a	n/a	S  9
415.2240000000	n/a	n/a	Trn Stim: FE	n/a	n/a	S143
416.5720000000	n/a	n/a	Trn Resp: left,incorrect	n/a	n/a	S103
417.2220000000	n/a	n/a	FB: +1	n/a	n/a	S  8
422.0900000000	n/a	n/a	Trn Stim: DC	n/a	n/a	S152
422.9400000000	n/a	n/a	Trn Resp: left,incorrect	n/a	n/a	S103
423.5020000000	n/a	n/a	FB: 0	n/a	n/a	S  9
425.6700000000	n/a	n/a	Trn Stim: EF	n/a	n/a	S134
426.7240000000	n/a	n/a	Trn Resp: left,correct	n/a	n/a	S101
427.3020000000	n/a	n/a	FB: +1	n/a	n/a	S  8
429.4700000000	n/a	n/a	Trn Stim: AB	n/a	n/a	S116
430.3720000000	n/a	n/a	Trn Resp: right,incorrect	n/a	n/a	S104
430.9840000000	n/a	n/a	FB: 0	n/a	n/a	S  9
433.1520000000	n/a	n/a	Trn Stim: DC	n/a	n/a	S152
434.8200000000	n/a	n/a	Trn Resp: right,correct	n/a	n/a	S102
435.3160000000	n/a	n/a	FB: +1	n/a	n/a	S  8
437.4840000000	n/a	n/a	Trn Stim: AB	n/a	n/a	S116
438.4520000000	n/a	n/a	Trn Resp: left,correct	n/a	n/a	S101
439.1480000000	n/a	n/a	FB: +1	n/a	n/a	S  8
441.3160000000	n/a	n/a	Trn Stim: FE	n/a	n/a	S143
442.7800000000	n/a	n/a	Trn Resp: left,incorrect	n/a	n/a	S103
443.2960000000	n/a	n/a	FB: 0	n/a	n/a	S  9
445.4640000000	n/a	n/a	Trn Stim: BA	n/a	n/a	S161
446.7240000000	n/a	n/a	Trn Resp: left,incorrect	n/a	n/a	S103
447.3020000000	n/a	n/a	FB: 0	n/a	n/a	S  9
449.4800000000	n/a	n/a	Trn Stim: DC	n/a	n/a	S152
450.6440000000	n/a	n/a	Trn Resp: left,incorrect	n/a	n/a	S103
451.1600000000	n/a	n/a	FB: 0	n/a	n/a	S  9
453.3300000000	n/a	n/a	Trn Stim: FE	n/a	n/a	S143
454.8600000000	n/a	n/a	Trn Resp: right,correct	n/a	n/a	S102
455.4760000000	n/a	n/a	FB: +1	n/a	n/a	S  8
457.6460000000	n/a	n/a	Trn Stim: BA	n/a	n/a	S161
458.5000000000	n/a	n/a	Trn Resp: right,correct	n/a	n/a	S102
459.0580000000	n/a	n/a	FB: +1	n/a	n/a	S  8
461.2280000000	n/a	n/a	Trn Stim: EF	n/a	n/a	S134
462.2200000000	n/a	n/a	Trn Resp: left,correct	n/a	n/a	S101
462.7240000000	n/a	n/a	FB: +1	n/a	n/a	S  8
464.8920000000	n/a	n/a	Trn Stim: CD	n/a	n/a	S125
465.5560000000	n/a	n/a	Trn Resp: right,incorrect	n/a	n/a	S104
466.1880000000	n/a	n/a	FB: +1	n/a	n/a	S  8
468.3580000000	n/a	n/a	Trn Stim: BA	n/a	n/a	S161
469.8760000000	n/a	n/a	Trn Resp: right,correct	n/a	n/a	S102
470.5200000000	n/a	n/a	FB: 0	n/a	n/a	S  9
472.6900000000	n/a	n/a	Trn Stim: CD	n/a	n/a	S125
473.7560000000	n/a	n/a	Trn Resp: right,incorrect	n/a	n/a	S104
474.3860000000	n/a	n/a	FB: 0	n/a	n/a	S  9
476.5540000000	n/a	n/a	Trn Stim: FE	n/a	n/a	S143
477.3240000000	n/a	n/a	Trn Resp: right,correct	n/a	n/a	S102
477.8520000000	n/a	n/a	FB: +1	n/a	n/a	S  8
480.0200000000	n/a	n/a	Trn Stim: CD	n/a	n/a	S125
480.9080000000	n/a	n/a	Trn Resp: left,correct	n/a	n/a	S101
481.5000000000	n/a	n/a	FB: +1	n/a	n/a	S  8
483.6700000000	n/a	n/a	Trn Stim: FE	n/a	n/a	S143
484.5320000000	n/a	n/a	Trn Resp: left,incorrect	n/a	n/a	S103
485.0840000000	n/a	n/a	FB: +1	n/a	n/a	S  8
487.2520000000	n/a	n/a	Trn Stim: BA	n/a	n/a	S161
488.5160000000	n/a	n/a	Trn Resp: left,incorrect	n/a	n/a	S103
489.0480000000	n/a	n/a	FB: 0	n/a	n/a	S  9
491.2160000000	n/a	n/a	Trn Stim: EF	n/a	n/a	S134
492.3560000000	n/a	n/a	Trn Resp: left,correct	n/a	n/a	S101
493.0480000000	n/a	n/a	FB: 0	n/a	n/a	S  9
495.2160000000	n/a	n/a	Trn Stim: DC	n/a	n/a	S152
496.2360000000	n/a	n/a	Trn Resp: right,correct	n/a	n/a	S102
496.7460000000	n/a	n/a	FB: 0	n/a	n/a	S  9
498.9140000000	n/a	n/a	Trn Stim: AB	n/a	n/a	S116
500.3640000000	n/a	n/a	Trn Resp: right,incorrect	n/a	n/a	S104
500.9440000000	n/a	n/a	FB: 0	n/a	n/a	S  9
503.1140000000	n/a	n/a	Trn Stim: AB	n/a	n/a	S116
503.8280000000	n/a	n/a	Trn Resp: left,correct	n/a	n/a	S101
504.4600000000	n/a	n/a	FB: +1	n/a	n/a	S  8
506.6280000000	n/a	n/a	Trn Stim: CD	n/a	n/a	S125
507.4540000000	n/a	n/a	Trn Resp: right,incorrect	n/a	n/a	S104
507.9600000000	n/a	n/a	FB: 0	n/a	n/a	S  9
510.1280000000	n/a	n/a	Trn Stim: EF	n/a	n/a	S134
511.7480000000	n/a	n/a	Trn Resp: left,correct	n/a	n/a	S101
512.3080000000	n/a	n/a	FB: +1	n/a	n/a	S  8
514.4760000000	n/a	n/a	Trn Stim: EF	n/a	n/a	S134
515.9420000000	n/a	n/a	Trn Resp: left,correct	n/a	n/a	S101
516.6240000000	n/a	n/a	FB: 0	n/a	n/a	S  9
518.7920000000	n/a	n/a	Trn Stim: CD	n/a	n/a	S125
521.3740000000	n/a	n/a	Trn Resp: right,incorrect	n/a	n/a	S104
521.9540000000	n/a	n/a	FB: 0	n/a	n/a	S  9
524.1240000000	n/a	n/a	Trn Stim: BA	n/a	n/a	S161
525.1580000000	n/a	n/a	Trn Resp: right,correct	n/a	n/a	S102
525.7700000000	n/a	n/a	FB: +1	n/a	n/a	S  8
527.9380000000	n/a	n/a	Trn Stim: FE	n/a	n/a	S143
529.5100000000	n/a	n/a	Trn Resp: left,incorrect	n/a	n/a	S103
530.1520000000	n/a	n/a	FB: 0	n/a	n/a	S  9
532.3200000000	n/a	n/a	Trn Stim: AB	n/a	n/a	S116
532.9660000000	n/a	n/a	Trn Resp: right,incorrect	n/a	n/a	S104
533.6180000000	n/a	n/a	FB: +1	n/a	n/a	S  8
535.7880000000	n/a	n/a	Trn Stim: CD	n/a	n/a	S125
536.9500000000	n/a	n/a	Trn Resp: right,incorrect	n/a	n/a	S104
537.6000000000	n/a	n/a	FB: +1	n/a	n/a	S  8
539.7680000000	n/a	n/a	Trn Stim: CD	n/a	n/a	S125
541.4060000000	n/a	n/a	Trn Resp: left,correct	n/a	n/a	S101
541.9980000000	n/a	n/a	FB: +1	n/a	n/a	S  8
544.1680000000	n/a	n/a	Trn Stim: BA	n/a	n/a	S161
545.2140000000	n/a	n/a	Trn Resp: right,correct	n/a	n/a	S102
545.8140000000	n/a	n/a	FB: 0	n/a	n/a	S  9
547.9820000000	n/a	n/a	Trn Stim: FE	n/a	n/a	S143
549.3980000000	n/a	n/a	Trn Resp: left,incorrect	n/a	n/a	S103
549.9300000000	n/a	n/a	FB: 0	n/a	n/a	S  9
552.0980000000	n/a	n/a	Trn Stim: EF	n/a	n/a	S134
553.5660000000	n/a	n/a	Trn Resp: left,correct	n/a	n/a	S101
554.0620000000	n/a	n/a	FB: +1	n/a	n/a	S  8
556.2300000000	n/a	n/a	Trn Stim: BA	n/a	n/a	S161
557.6780000000	n/a	n/a	Trn Resp: right,correct	n/a	n/a	S102
558.1600000000	n/a	n/a	FB: +1	n/a	n/a	S  8
560.3280000000	n/a	n/a	Trn Stim: CD	n/a	n/a	S125
562.1980000000	n/a	n/a	Trn Resp: right,incorrect	n/a	n/a	S104
562.8420000000	n/a	n/a	FB: +1	n/a	n/a	S  8
565.0300000000	n/a	n/a	Trn Stim: DC	n/a	n/a	S152
566.0780000000	n/a	n/a	Trn Resp: left,incorrect	n/a	n/a	S103
566.6400000000	n/a	n/a	FB: 0	n/a	n/a	S  9
568.8100000000	n/a	n/a	Trn Stim: AB	n/a	n/a	S116
569.9740000000	n/a	n/a	Trn Resp: left,correct	n/a	n/a	S101
570.5400000000	n/a	n/a	FB: +1	n/a	n/a	S  8
572.7080000000	n/a	n/a	Trn Stim: FE	n/a	n/a	S143
574.5020000000	n/a	n/a	Trn Resp: left,incorrect	n/a	n/a	S103
575.0720000000	n/a	n/a	FB: +1	n/a	n/a	S  8
577.2400000000	n/a	n/a	Trn Stim: AB	n/a	n/a	S116
578.3180000000	n/a	n/a	Trn Resp: left,correct	n/a	n/a	S101
578.9540000000	n/a	n/a	FB: 0	n/a	n/a	S  9
581.1220000000	n/a	n/a	Trn Stim: EF	n/a	n/a	S134
582.1020000000	n/a	n/a	Trn Resp: left,correct	n/a	n/a	S101
582.7020000000	n/a	n/a	FB: 0	n/a	n/a	S  9
584.8720000000	n/a	n/a	Trn Stim: DC	n/a	n/a	S152
586.1660000000	n/a	n/a	Trn Resp: left,incorrect	n/a	n/a	S103
586.7360000000	n/a	n/a	FB: +1	n/a	n/a	S  8
588.9040000000	n/a	n/a	Trn Stim: EF	n/a	n/a	S134
589.8620000000	n/a	n/a	Trn Resp: right,incorrect	n/a	n/a	S104
590.4680000000	n/a	n/a	FB: 0	n/a	n/a	S  9
592.6360000000	n/a	n/a	Trn Stim: DC	n/a	n/a	S152
593.3020000000	n/a	n/a	Trn Resp: left,incorrect	n/a	n/a	S103
593.9160000000	n/a	n/a	FB: +1	n/a	n/a	S  8
596.1000000000	n/a	n/a	Trn Stim: BA	n/a	n/a	S161
596.7500000000	n/a	n/a	Trn Resp: right,correct	n/a	n/a	S102
597.3820000000	n/a	n/a	FB: +1	n/a	n/a	S  8
599.5500000000	n/a	n/a	Trn Stim: DC	n/a	n/a	S152
600.2860000000	n/a	n/a	Trn Resp: left,incorrect	n/a	n/a	S103
600.8140000000	n/a	n/a	FB: 0	n/a	n/a	S  9
602.9820000000	n/a	n/a	Trn Stim: BA	n/a	n/a	S161
603.3180000000	n/a	n/a	Trn Resp: right,correct	n/a	n/a	S102
603.8460000000	n/a	n/a	FB: +1	n/a	n/a	S  8
606.0140000000	n/a	n/a	Trn Stim: EF	n/a	n/a	S134
606.8940000000	n/a	n/a	Trn Resp: left,correct	n/a	n/a	S101
607.5780000000	n/a	n/a	FB: 0	n/a	n/a	S  9
609.7460000000	n/a	n/a	Trn Stim: FE	n/a	n/a	S143
610.9660000000	n/a	n/a	Trn Resp: left,incorrect	n/a	n/a	S103
611.5260000000	n/a	n/a	FB: +1	n/a	n/a	S  8
613.6960000000	n/a	n/a	Trn Stim: DC	n/a	n/a	S152
614.7100000000	n/a	n/a	Trn Resp: right,correct	n/a	n/a	S102
615.2260000000	n/a	n/a	FB: +1	n/a	n/a	S  8
617.3940000000	n/a	n/a	Trn Stim: AB	n/a	n/a	S116
618.7580000000	n/a	n/a	Trn Resp: left,correct	n/a	n/a	S101
619.2400000000	n/a	n/a	FB: +1	n/a	n/a	S  8
621.4100000000	n/a	n/a	Trn Stim: AB	n/a	n/a	S116
622.4060000000	n/a	n/a	Trn Resp: left,correct	n/a	n/a	S101
623.0900000000	n/a	n/a	FB: +1	n/a	n/a	S  8
625.2580000000	n/a	n/a	Trn Stim: FE	n/a	n/a	S143
626.2460000000	n/a	n/a	Trn Resp: right,correct	n/a	n/a	S102
626.9380000000	n/a	n/a	FB: 0	n/a	n/a	S  9
629.1080000000	n/a	n/a	Trn Stim: DC	n/a	n/a	S152
630.1020000000	n/a	n/a	Trn Resp: left,incorrect	n/a	n/a	S103
630.7200000000	n/a	n/a	FB: 0	n/a	n/a	S  9
632.8900000000	n/a	n/a	Trn Stim: AB	n/a	n/a	S116
633.6060000000	n/a	n/a	Trn Resp: right,incorrect	n/a	n/a	S104
634.2020000000	n/a	n/a	FB: 0	n/a	n/a	S  9
636.3720000000	n/a	n/a	Trn Stim: CD	n/a	n/a	S125
637.4940000000	n/a	n/a	Trn Resp: right,incorrect	n/a	n/a	S104
638.0360000000	n/a	n/a	FB: 0	n/a	n/a	S  9
640.2040000000	n/a	n/a	Trn Stim: FE	n/a	n/a	S143
641.3760000000	n/a	n/a	Trn Resp: left,incorrect	n/a	n/a	S103
641.8840000000	n/a	n/a	FB: 0	n/a	n/a	S  9
644.0520000000	n/a	n/a	Trn Stim: CD	n/a	n/a	S125
646.1600000000	n/a	n/a	Trn Resp: left,correct	n/a	n/a	S101
646.8320000000	n/a	n/a	FB: +1	n/a	n/a	S  8
649.0000000000	n/a	n/a	Trn Stim: BA	n/a	n/a	S161
650.3280000000	n/a	n/a	Trn Resp: right,correct	n/a	n/a	S102
650.8980000000	n/a	n/a	FB: +1	n/a	n/a	S  8
653.0660000000	n/a	n/a	Trn Stim: EF	n/a	n/a	S134
654.3040000000	n/a	n/a	Trn Resp: left,correct	n/a	n/a	S101
654.8800000000	n/a	n/a	FB: +1	n/a	n/a	S  8
661.7140000000	n/a	n/a	Trn Stim: AB	n/a	n/a	S116
662.5120000000	n/a	n/a	Trn Resp: left,correct	n/a	n/a	S101
663.0780000000	n/a	n/a	FB: 0	n/a	n/a	S  9
665.2460000000	n/a	n/a	Trn Stim: EF	n/a	n/a	S134
666.2720000000	n/a	n/a	Trn Resp: left,correct	n/a	n/a	S101
666.7600000000	n/a	n/a	FB: +1	n/a	n/a	S  8
668.9280000000	n/a	n/a	Trn Stim: CD	n/a	n/a	S125
670.0240000000	n/a	n/a	Trn Resp: right,incorrect	n/a	n/a	S104
670.6740000000	n/a	n/a	FB: 0	n/a	n/a	S  9
672.8440000000	n/a	n/a	Trn Stim: FE	n/a	n/a	S143
674.3920000000	n/a	n/a	Trn Resp: right,correct	n/a	n/a	S102
674.9740000000	n/a	n/a	FB: 0	n/a	n/a	S  9
677.1420000000	n/a	n/a	Trn Stim: CD	n/a	n/a	S125
679.7920000000	n/a	n/a	Trn Resp: left,correct	n/a	n/a	S101
680.3220000000	n/a	n/a	FB: +1	n/a	n/a	S  8
682.4900000000	n/a	n/a	Trn Stim: BA	n/a	n/a	S161
683.6480000000	n/a	n/a	Trn Resp: right,correct	n/a	n/a	S102
684.2200000000	n/a	n/a	FB: +1	n/a	n/a	S  8
686.3900000000	n/a	n/a	Trn Stim: AB	n/a	n/a	S116
687.6560000000	n/a	n/a	Trn Resp: left,correct	n/a	n/a	S101
688.2860000000	n/a	n/a	FB: +1	n/a	n/a	S  8
690.4540000000	n/a	n/a	Trn Stim: DC	n/a	n/a	S152
691.7760000000	n/a	n/a	Trn Resp: right,correct	n/a	n/a	S102
692.3020000000	n/a	n/a	FB: +1	n/a	n/a	S  8
694.4700000000	n/a	n/a	Trn Stim: EF	n/a	n/a	S134
695.5680000000	n/a	n/a	Trn Resp: left,correct	n/a	n/a	S101
696.1000000000	n/a	n/a	FB: 0	n/a	n/a	S  9
698.2680000000	n/a	n/a	Trn Stim: FE	n/a	n/a	S143
699.5680000000	n/a	n/a	Trn Resp: left,incorrect	n/a	n/a	S103
700.0820000000	n/a	n/a	FB: +1	n/a	n/a	S  8
702.2500000000	n/a	n/a	Trn Stim: BA	n/a	n/a	S161
704.2560000000	n/a	n/a	Trn Resp: left,incorrect	n/a	n/a	S103
704.7480000000	n/a	n/a	FB: 0	n/a	n/a	S  9
706.9160000000	n/a	n/a	Trn Stim: CD	n/a	n/a	S125
708.4080000000	n/a	n/a	Trn Resp: right,incorrect	n/a	n/a	S104
709.0620000000	n/a	n/a	FB: 0	n/a	n/a	S  9
711.2320000000	n/a	n/a	Trn Stim: CD	n/a	n/a	S125
712.7840000000	n/a	n/a	Trn Resp: left,correct	n/a	n/a	S101
713.4280000000	n/a	n/a	FB: +1	n/a	n/a	S  8
715.5960000000	n/a	n/a	Trn Stim: AB	n/a	n/a	S116
716.8480000000	n/a	n/a	Trn Resp: left,correct	n/a	n/a	S101
717.3940000000	n/a	n/a	FB: +1	n/a	n/a	S  8
719.5620000000	n/a	n/a	Trn Stim: EF	n/a	n/a	S134
721.1120000000	n/a	n/a	Trn Resp: right,incorrect	n/a	n/a	S104
721.6760000000	n/a	n/a	FB: +1	n/a	n/a	S  8
723.8460000000	n/a	n/a	Trn Stim: CD	n/a	n/a	S125
725.3840000000	n/a	n/a	Trn Resp: left,correct	n/a	n/a	S101
725.8920000000	n/a	n/a	FB: +1	n/a	n/a	S  8
728.0620000000	n/a	n/a	Trn Stim: BA	n/a	n/a	S161
730.0560000000	n/a	n/a	Trn Resp: right,correct	n/a	n/a	S102
730.6080000000	n/a	n/a	FB: +1	n/a	n/a	S  8
732.7920000000	n/a	n/a	Trn Stim: EF	n/a	n/a	S134
733.9840000000	n/a	n/a	Trn Resp: right,incorrect	n/a	n/a	S104
734.5040000000	n/a	n/a	FB: 0	n/a	n/a	S  9
736.6740000000	n/a	n/a	Trn Stim: DC	n/a	n/a	S152
739.0320000000	n/a	n/a	Trn Resp: right,correct	n/a	n/a	S102
739.6700000000	n/a	n/a	FB: +1	n/a	n/a	S  8
741.8380000000	n/a	n/a	Trn Stim: EF	n/a	n/a	S134
743.6960000000	n/a	n/a	Trn Resp: right,incorrect	n/a	n/a	S104
744.2020000000	n/a	n/a	FB: 0	n/a	n/a	S  9
746.3700000000	n/a	n/a	Trn Stim: AB	n/a	n/a	S116
749.7840000000	n/a	n/a	Trn Resp: left,correct	n/a	n/a	S101
750.3060000000	n/a	n/a	FB: +1	n/a	n/a	S  8
752.4860000000	n/a	n/a	Trn Stim: FE	n/a	n/a	S143
754.2960000000	n/a	n/a	Trn Resp: right,correct	n/a	n/a	S102
754.8480000000	n/a	n/a	FB: +1	n/a	n/a	S  8
757.0180000000	n/a	n/a	Trn Stim: BA	n/a	n/a	S161
759.8020000000	n/a	n/a	Trn Resp: right,correct	n/a	n/a	S102
760.3640000000	n/a	n/a	FB: +1	n/a	n/a	S  8
762.5320000000	n/a	n/a	Trn Stim: DC	n/a	n/a	S152
765.1700000000	n/a	n/a	Trn Resp: right,correct	n/a	n/a	S102
765.8120000000	n/a	n/a	FB: +1	n/a	n/a	S  8
767.9800000000	n/a	n/a	Trn Stim: BA	n/a	n/a	S161
769.2740000000	n/a	n/a	Trn Resp: right,correct	n/a	n/a	S102
769.9100000000	n/a	n/a	FB: +1	n/a	n/a	S  8
772.0800000000	n/a	n/a	Trn Stim: EF	n/a	n/a	S134
773.5220000000	n/a	n/a	Trn Resp: left,correct	n/a	n/a	S101
774.1260000000	n/a	n/a	FB: +1	n/a	n/a	S  8
776.2940000000	n/a	n/a	Trn Stim: DC	n/a	n/a	S152
778.6100000000	n/a	n/a	Trn Resp: right,correct	n/a	n/a	S102
779.2900000000	n/a	n/a	FB: 0	n/a	n/a	S  9
781.4600000000	n/a	n/a	Trn Stim: AB	n/a	n/a	S116
782.4660000000	n/a	n/a	Trn Resp: left,correct	n/a	n/a	S101
782.9900000000	n/a	n/a	FB: +1	n/a	n/a	S  8
785.1580000000	n/a	n/a	Trn Stim: FE	n/a	n/a	S143
786.6820000000	n/a	n/a	Trn Resp: right,correct	n/a	n/a	S102
787.3560000000	n/a	n/a	FB: +1	n/a	n/a	S  8
789.5240000000	n/a	n/a	Trn Stim: CD	n/a	n/a	S125
791.9300000000	n/a	n/a	Trn Resp: right,incorrect	n/a	n/a	S104
792.6040000000	n/a	n/a	FB: +1	n/a	n/a	S  8
794.7720000000	n/a	n/a	Trn Stim: DC	n/a	n/a	S152
796.2020000000	n/a	n/a	Trn Resp: left,incorrect	n/a	n/a	S103
796.7360000000	n/a	n/a	FB: 0	n/a	n/a	S  9
798.9040000000	n/a	n/a	Trn Stim: AB	n/a	n/a	S116
800.5380000000	n/a	n/a	Trn Resp: left,correct	n/a	n/a	S101
801.1500000000	n/a	n/a	FB: +1	n/a	n/a	S  8
803.3200000000	n/a	n/a	Trn Stim: FE	n/a	n/a	S143
804.4500000000	n/a	n/a	Trn Resp: left,incorrect	n/a	n/a	S103
805.0000000000	n/a	n/a	FB: +1	n/a	n/a	S  8
807.1680000000	n/a	n/a	Trn Stim: EF	n/a	n/a	S134
808.5380000000	n/a	n/a	Trn Resp: left,correct	n/a	n/a	S101
809.1480000000	n/a	n/a	FB: 0	n/a	n/a	S  9
811.3340000000	n/a	n/a	Trn Stim: DC	n/a	n/a	S152
813.8820000000	n/a	n/a	Trn Resp: left,incorrect	n/a	n/a	S103
814.5460000000	n/a	n/a	FB: 0	n/a	n/a	S  9
816.7160000000	n/a	n/a	Trn Stim: BA	n/a	n/a	S161
817.6900000000	n/a	n/a	Trn Resp: right,correct	n/a	n/a	S102
818.3280000000	n/a	n/a	FB: 0	n/a	n/a	S  9
820.4980000000	n/a	n/a	Trn Stim: AB	n/a	n/a	S116
821.7220000000	n/a	n/a	Trn Resp: right,incorrect	n/a	n/a	S104
822.3440000000	n/a	n/a	FB: 0	n/a	n/a	S  9
824.5140000000	n/a	n/a	Trn Stim: FE	n/a	n/a	S143
826.5940000000	n/a	n/a	Trn Resp: right,correct	n/a	n/a	S102
827.1760000000	n/a	n/a	FB: +1	n/a	n/a	S  8
829.3440000000	n/a	n/a	Trn Stim: CD	n/a	n/a	S125
833.0660000000	n/a	n/a	Trn Resp: left,correct	n/a	n/a	S101
833.6400000000	n/a	n/a	FB: +1	n/a	n/a	S  8
835.8100000000	n/a	n/a	Trn Stim: BA	n/a	n/a	S161
836.5060000000	n/a	n/a	Trn Resp: right,correct	n/a	n/a	S102
837.1560000000	n/a	n/a	FB: +1	n/a	n/a	S  8
839.3240000000	n/a	n/a	Trn Stim: CD	n/a	n/a	S125
841.9220000000	n/a	n/a	Trn Resp: left,correct	n/a	n/a	S101
842.4220000000	n/a	n/a	FB: 0	n/a	n/a	S  9
844.5900000000	n/a	n/a	Trn Stim: FE	n/a	n/a	S143
845.3460000000	n/a	n/a	Trn Resp: right,correct	n/a	n/a	S102
845.9860000000	n/a	n/a	FB: +1	n/a	n/a	S  8
848.1560000000	n/a	n/a	Trn Stim: DC	n/a	n/a	S152
849.0900000000	n/a	n/a	Trn Resp: left,incorrect	n/a	n/a	S103
849.7360000000	n/a	n/a	FB: 0	n/a	n/a	S  9
851.9040000000	n/a	n/a	Trn Stim: BA	n/a	n/a	S161
852.7460000000	n/a	n/a	Trn Resp: left,incorrect	n/a	n/a	S103
853.4180000000	n/a	n/a	FB: +1	n/a	n/a	S  8
855.5860000000	n/a	n/a	Trn Stim: EF	n/a	n/a	S134
857.5540000000	n/a	n/a	Trn Resp: left,correct	n/a	n/a	S101
858.1000000000	n/a	n/a	FB: 0	n/a	n/a	S  9
860.2680000000	n/a	n/a	Trn Stim: EF	n/a	n/a	S134
861.1940000000	n/a	n/a	Trn Resp: right,incorrect	n/a	n/a	S104
861.6980000000	n/a	n/a	FB: 0	n/a	n/a	S  9
863.8680000000	n/a	n/a	Trn Stim: AB	n/a	n/a	S116
864.9780000000	n/a	n/a	Trn Resp: left,correct	n/a	n/a	S101
865.4800000000	n/a	n/a	FB: 0	n/a	n/a	S  9
867.6500000000	n/a	n/a	Trn Stim: DC	n/a	n/a	S152
869.5620000000	n/a	n/a	Trn Resp: right,correct	n/a	n/a	S102
870.0980000000	n/a	n/a	FB: 0	n/a	n/a	S  9
872.2660000000	n/a	n/a	Trn Stim: BA	n/a	n/a	S161
873.0180000000	n/a	n/a	Trn Resp: right,correct	n/a	n/a	S102
873.5300000000	n/a	n/a	FB: +1	n/a	n/a	S  8
875.6980000000	n/a	n/a	Trn Stim: FE	n/a	n/a	S143
876.8820000000	n/a	n/a	Trn Resp: right,correct	n/a	n/a	S102
877.4440000000	n/a	n/a	FB: +1	n/a	n/a	S  8
879.6280000000	n/a	n/a	Trn Stim: CD	n/a	n/a	S125
881.0360000000	n/a	n/a	Trn Resp: right,incorrect	n/a	n/a	S104
881.5760000000	n/a	n/a	FB: +1	n/a	n/a	S  8
883.7440000000	n/a	n/a	Trn Stim: BA	n/a	n/a	S161
884.8440000000	n/a	n/a	Trn Resp: right,correct	n/a	n/a	S102
885.4080000000	n/a	n/a	FB: +1	n/a	n/a	S  8
887.5760000000	n/a	n/a	Trn Stim: FE	n/a	n/a	S143
889.6120000000	n/a	n/a	Trn Resp: right,correct	n/a	n/a	S102
890.2220000000	n/a	n/a	FB: 0	n/a	n/a	S  9
892.3920000000	n/a	n/a	Trn Stim: DC	n/a	n/a	S152
893.9800000000	n/a	n/a	Trn Resp: left,incorrect	n/a	n/a	S103
894.5540000000	n/a	n/a	FB: 0	n/a	n/a	S  9
896.7240000000	n/a	n/a	Trn Stim: AB	n/a	n/a	S116
897.6680000000	n/a	n/a	Trn Resp: left,correct	n/a	n/a	S101
898.3040000000	n/a	n/a	FB: +1	n/a	n/a	S  8
900.4720000000	n/a	n/a	Trn Stim: DC	n/a	n/a	S152
901.3000000000	n/a	n/a	Trn Resp: right,correct	n/a	n/a	S102
901.7860000000	n/a	n/a	FB: 0	n/a	n/a	S  9
903.9540000000	n/a	n/a	Trn Stim: FE	n/a	n/a	S143
904.7880000000	n/a	n/a	Trn Resp: right,correct	n/a	n/a	S102
905.3180000000	n/a	n/a	FB: +1	n/a	n/a	S  8
907.4860000000	n/a	n/a	Trn Stim: EF	n/a	n/a	S134
908.2120000000	n/a	n/a	Trn Resp: left,correct	n/a	n/a	S101
908.7000000000	n/a	n/a	FB: +1	n/a	n/a	S  8
910.8700000000	n/a	n/a	Trn Stim: CD	n/a	n/a	S125
911.5000000000	n/a	n/a	Trn Resp: right,incorrect	n/a	n/a	S104
912.1500000000	n/a	n/a	FB: 0	n/a	n/a	S  9
914.3180000000	n/a	n/a	Trn Stim: AB	n/a	n/a	S116
915.0760000000	n/a	n/a	Trn Resp: left,correct	n/a	n/a	S101
915.6980000000	n/a	n/a	FB: +1	n/a	n/a	S  8
928.3480000000	n/a	n/a	Trn Stim: BA	n/a	n/a	S161
929.4520000000	n/a	n/a	Trn Resp: right,correct	n/a	n/a	S102
929.9780000000	n/a	n/a	FB: 0	n/a	n/a	S  9
932.1460000000	n/a	n/a	Trn Stim: FE	n/a	n/a	S143
933.5320000000	n/a	n/a	Trn Resp: right,correct	n/a	n/a	S102
934.1260000000	n/a	n/a	FB: +1	n/a	n/a	S  8
936.2940000000	n/a	n/a	Trn Stim: CD	n/a	n/a	S125
938.1000000000	n/a	n/a	Trn Resp: left,correct	n/a	n/a	S101
938.6920000000	n/a	n/a	FB: 0	n/a	n/a	S  9
940.8600000000	n/a	n/a	Trn Stim: EF	n/a	n/a	S134
943.1880000000	n/a	n/a	Trn Resp: left,correct	n/a	n/a	S101
943.8560000000	n/a	n/a	FB: 0	n/a	n/a	S  9
946.0240000000	n/a	n/a	Trn Stim: CD	n/a	n/a	S125
949.2600000000	n/a	n/a	Trn Resp: right,incorrect	n/a	n/a	S104
949.8540000000	n/a	n/a	FB: 0	n/a	n/a	S  9
952.0220000000	n/a	n/a	Trn Stim: BA	n/a	n/a	S161
953.3720000000	n/a	n/a	Trn Resp: left,incorrect	n/a	n/a	S103
953.8860000000	n/a	n/a	FB: 0	n/a	n/a	S  9
956.0560000000	n/a	n/a	Trn Stim: FE	n/a	n/a	S143
957.2680000000	n/a	n/a	Trn Resp: right,correct	n/a	n/a	S102
957.7680000000	n/a	n/a	FB: +1	n/a	n/a	S  8
959.9380000000	n/a	n/a	Trn Stim: CD	n/a	n/a	S125
960.6200000000	n/a	n/a	Trn Resp: left,correct	n/a	n/a	S101
961.1840000000	n/a	n/a	FB: +1	n/a	n/a	S  8
963.3520000000	n/a	n/a	Trn Stim: BA	n/a	n/a	S161
963.5160000000	n/a	n/a	Trn Resp: left,incorrect	n/a	n/a	S103
964.0840000000	n/a	n/a	FB: 0	n/a	n/a	S  9
966.2520000000	n/a	n/a	Trn Stim: EF	n/a	n/a	S134
967.1400000000	n/a	n/a	Trn Resp: right,incorrect	n/a	n/a	S104
967.6480000000	n/a	n/a	FB: 0	n/a	n/a	S  9
969.8180000000	n/a	n/a	Trn Stim: BA	n/a	n/a	S161
970.7800000000	n/a	n/a	Trn Resp: left,incorrect	n/a	n/a	S103
971.4300000000	n/a	n/a	FB: 0	n/a	n/a	S  9
973.6000000000	n/a	n/a	Trn Stim: CD	n/a	n/a	S125
974.7960000000	n/a	n/a	Trn Resp: right,incorrect	n/a	n/a	S104
975.3800000000	n/a	n/a	FB: 0	n/a	n/a	S  9
977.5480000000	n/a	n/a	Trn Stim: CD	n/a	n/a	S125
978.0520000000	n/a	n/a	Trn Resp: right,incorrect	n/a	n/a	S104
978.7460000000	n/a	n/a	FB: 0	n/a	n/a	S  9
980.9140000000	n/a	n/a	Trn Stim: AB	n/a	n/a	S116
982.5160000000	n/a	n/a	Trn Resp: right,incorrect	n/a	n/a	S104
983.0600000000	n/a	n/a	FB: 0	n/a	n/a	S  9
985.2300000000	n/a	n/a	Trn Stim: FE	n/a	n/a	S143
986.0600000000	n/a	n/a	Trn Resp: right,correct	n/a	n/a	S102
986.5760000000	n/a	n/a	FB: 0	n/a	n/a	S  9
988.7440000000	n/a	n/a	Trn Stim: CD	n/a	n/a	S125
990.2680000000	n/a	n/a	Trn Resp: right,incorrect	n/a	n/a	S104
990.7740000000	n/a	n/a	FB: 0	n/a	n/a	S  9
992.9440000000	n/a	n/a	Trn Stim: AB	n/a	n/a	S116
993.8520000000	n/a	n/a	Trn Resp: right,incorrect	n/a	n/a	S104
994.3580000000	n/a	n/a	FB: 0	n/a	n/a	S  9
996.5260000000	n/a	n/a	Trn Stim: EF	n/a	n/a	S134
997.7880000000	n/a	n/a	Trn Resp: right,incorrect	n/a	n/a	S104
998.4060000000	n/a	n/a	FB: +1	n/a	n/a	S  8
1000.5740000000	n/a	n/a	Trn Stim: DC	n/a	n/a	S152
1001.0920000000	n/a	n/a	Trn Resp: left,incorrect	n/a	n/a	S103
1001.6040000000	n/a	n/a	FB: 0	n/a	n/a	S  9
1003.7740000000	n/a	n/a	Trn Stim: EF	n/a	n/a	S134
1005.1180000000	n/a	n/a	Trn Resp: right,incorrect	n/a	n/a	S104
1005.6880000000	n/a	n/a	FB: 0	n/a	n/a	S  9
1007.8560000000	n/a	n/a	Trn Stim: BA	n/a	n/a	S161
1008.8700000000	n/a	n/a	Trn Resp: right,correct	n/a	n/a	S102
1009.5540000000	n/a	n/a	FB: 0	n/a	n/a	S  9
1011.7220000000	n/a	n/a	Trn Stim: AB	n/a	n/a	S116
1013.6700000000	n/a	n/a	Trn Resp: left,correct	n/a	n/a	S101
1014.1520000000	n/a	n/a	FB: 0	n/a	n/a	S  9
1016.3220000000	n/a	n/a	Trn Stim: EF	n/a	n/a	S134
1016.7900000000	n/a	n/a	Trn Resp: right,incorrect	n/a	n/a	S104
1017.3840000000	n/a	n/a	FB: 0	n/a	n/a	S  9
1019.5680000000	n/a	n/a	Trn Stim: DC	n/a	n/a	S152
1019.9420000000	n/a	n/a	Trn Resp: left,incorrect	n/a	n/a	S103
1020.5660000000	n/a	n/a	FB: 0	n/a	n/a	S  9
1022.7340000000	n/a	n/a	Trn Stim: BA	n/a	n/a	S161
1023.9580000000	n/a	n/a	Trn Resp: right,correct	n/a	n/a	S102
1024.4480000000	n/a	n/a	FB: +1	n/a	n/a	S  8
1026.6160000000	n/a	n/a	Trn Stim: DC	n/a	n/a	S152
1027.4060000000	n/a	n/a	Trn Resp: left,incorrect	n/a	n/a	S103
1027.9800000000	n/a	n/a	FB: +1	n/a	n/a	S  8
1030.1480000000	n/a	n/a	Trn Stim: FE	n/a	n/a	S143
1030.8220000000	n/a	n/a	Trn Resp: right,correct	n/a	n/a	S102
1031.3120000000	n/a	n/a	FB: +1	n/a	n/a	S  8
1033.4800000000	n/a	n/a	Trn Stim: CD	n/a	n/a	S125
1034.1900000000	n/a	n/a	Trn Resp: left,correct	n/a	n/a	S101
1034.6940000000	n/a	n/a	FB: 0	n/a	n/a	S  9
1036.8640000000	n/a	n/a	Trn Stim: EF	n/a	n/a	S134
1037.2700000000	n/a	n/a	Trn Resp: right,incorrect	n/a	n/a	S104
1037.7940000000	n/a	n/a	FB: 0	n/a	n/a	S  9
1039.9620000000	n/a	n/a	Trn Stim: BA	n/a	n/a	S161
1040.7420000000	n/a	n/a	Trn Resp: left,incorrect	n/a	n/a	S103
1041.2920000000	n/a	n/a	FB: 0	n/a	n/a	S  9
1043.4600000000	n/a	n/a	Trn Stim: FE	n/a	n/a	S143
1044.2540000000	n/a	n/a	Trn Resp: left,incorrect	n/a	n/a	S103
1044.7580000000	n/a	n/a	FB: 0	n/a	n/a	S  9
1046.9260000000	n/a	n/a	Trn Stim: BA	n/a	n/a	S161
1047.5420000000	n/a	n/a	Trn Resp: right,correct	n/a	n/a	S102
1048.1240000000	n/a	n/a	FB: +1	n/a	n/a	S  8
1050.2920000000	n/a	n/a	Trn Stim: DC	n/a	n/a	S152
1051.2060000000	n/a	n/a	Trn Resp: left,incorrect	n/a	n/a	S103
1051.8900000000	n/a	n/a	FB: 0	n/a	n/a	S  9
1054.0580000000	n/a	n/a	Trn Stim: DC	n/a	n/a	S152
1054.5180000000	n/a	n/a	Trn Resp: right,correct	n/a	n/a	S102
1055.0720000000	n/a	n/a	FB: +1	n/a	n/a	S  8
1057.2400000000	n/a	n/a	Trn Stim: AB	n/a	n/a	S116
1058.1980000000	n/a	n/a	Trn Resp: right,incorrect	n/a	n/a	S104
1058.8200000000	n/a	n/a	FB: 0	n/a	n/a	S  9
1060.9880000000	n/a	n/a	Trn Stim: FE	n/a	n/a	S143
1062.0060000000	n/a	n/a	Trn Resp: left,incorrect	n/a	n/a	S103
1062.6200000000	n/a	n/a	FB: +1	n/a	n/a	S  8
1064.7880000000	n/a	n/a	Trn Stim: DC	n/a	n/a	S152
1065.8700000000	n/a	n/a	Trn Resp: right,correct	n/a	n/a	S102
1066.4520000000	n/a	n/a	FB: +1	n/a	n/a	S  8
1068.6200000000	n/a	n/a	Trn Stim: FE	n/a	n/a	S143
1070.4540000000	n/a	n/a	Trn Resp: left,incorrect	n/a	n/a	S103
1071.0500000000	n/a	n/a	FB: +1	n/a	n/a	S  8
1073.2180000000	n/a	n/a	Trn Stim: AB	n/a	n/a	S116
1074.3020000000	n/a	n/a	Trn Resp: right,incorrect	n/a	n/a	S104
1074.8480000000	n/a	n/a	FB: 0	n/a	n/a	S  9
1077.0180000000	n/a	n/a	Trn Stim: AB	n/a	n/a	S116
1077.8620000000	n/a	n/a	Trn Resp: left,correct	n/a	n/a	S101
1078.3980000000	n/a	n/a	FB: +1	n/a	n/a	S  8
1080.5660000000	n/a	n/a	Trn Stim: EF	n/a	n/a	S134
1082.5740000000	n/a	n/a	Trn Resp: right,incorrect	n/a	n/a	S104
1083.1300000000	n/a	n/a	FB: +1	n/a	n/a	S  8
1085.2980000000	n/a	n/a	Trn Stim: CD	n/a	n/a	S125
1087.1100000000	n/a	n/a	Trn Resp: left,correct	n/a	n/a	S101
1087.7620000000	n/a	n/a	FB: +1	n/a	n/a	S  8
1089.9300000000	n/a	n/a	Trn Stim: CD	n/a	n/a	S125
1090.9180000000	n/a	n/a	Trn Resp: left,correct	n/a	n/a	S101
1091.5440000000	n/a	n/a	FB: 0	n/a	n/a	S  9
1093.7120000000	n/a	n/a	Trn Stim: EF	n/a	n/a	S134
1094.9420000000	n/a	n/a	Trn Resp: right,incorrect	n/a	n/a	S104
1095.6260000000	n/a	n/a	FB: 0	n/a	n/a	S  9
1097.7940000000	n/a	n/a	Trn Stim: AB	n/a	n/a	S116
1099.7500000000	n/a	n/a	Trn Resp: left,correct	n/a	n/a	S101
1100.4240000000	n/a	n/a	FB: +1	n/a	n/a	S  8
1102.5920000000	n/a	n/a	Trn Stim: AB	n/a	n/a	S116
1103.4220000000	n/a	n/a	Trn Resp: left,correct	n/a	n/a	S101
1104.0060000000	n/a	n/a	FB: 0	n/a	n/a	S  9
1106.1740000000	n/a	n/a	Trn Stim: CD	n/a	n/a	S125
1107.3360000000	n/a	n/a	Trn Resp: left,correct	n/a	n/a	S101
1107.9540000000	n/a	n/a	FB: +1	n/a	n/a	S  8
1110.1240000000	n/a	n/a	Trn Stim: EF	n/a	n/a	S134
1111.7340000000	n/a	n/a	Trn Resp: left,correct	n/a	n/a	S101
1112.3360000000	n/a	n/a	FB: +1	n/a	n/a	S  8
1114.5060000000	n/a	n/a	Trn Stim: DC	n/a	n/a	S152
1115.9340000000	n/a	n/a	Trn Resp: left,incorrect	n/a	n/a	S103
1116.5180000000	n/a	n/a	FB: 0	n/a	n/a	S  9
1118.6880000000	n/a	n/a	Trn Stim: BA	n/a	n/a	S161
1119.7900000000	n/a	n/a	Trn Resp: left,incorrect	n/a	n/a	S103
1120.4500000000	n/a	n/a	FB: 0	n/a	n/a	S  9
1122.6200000000	n/a	n/a	Trn Stim: EF	n/a	n/a	S134
1124.1580000000	n/a	n/a	Trn Resp: right,incorrect	n/a	n/a	S104
1124.7320000000	n/a	n/a	FB: +1	n/a	n/a	S  8
1126.9020000000	n/a	n/a	Trn Stim: DC	n/a	n/a	S152
1128.0240000000	n/a	n/a	Trn Resp: right,correct	n/a	n/a	S102
1128.6320000000	n/a	n/a	FB: 0	n/a	n/a	S  9
1130.8000000000	n/a	n/a	Trn Stim: FE	n/a	n/a	S143
1133.1440000000	n/a	n/a	Trn Resp: left,incorrect	n/a	n/a	S103
1133.7960000000	n/a	n/a	FB: +1	n/a	n/a	S  8
1135.9660000000	n/a	n/a	Trn Stim: AB	n/a	n/a	S116
1136.9280000000	n/a	n/a	Trn Resp: right,incorrect	n/a	n/a	S104
1137.5780000000	n/a	n/a	FB: 0	n/a	n/a	S  9
1139.7480000000	n/a	n/a	Trn Stim: DC	n/a	n/a	S152
1140.6240000000	n/a	n/a	Trn Resp: right,correct	n/a	n/a	S102
1141.2460000000	n/a	n/a	FB: +1	n/a	n/a	S  8
1143.4140000000	n/a	n/a	Trn Stim: AB	n/a	n/a	S116
1144.2320000000	n/a	n/a	Trn Resp: left,correct	n/a	n/a	S101
1144.9280000000	n/a	n/a	FB: +1	n/a	n/a	S  8
1147.0980000000	n/a	n/a	Trn Stim: FE	n/a	n/a	S143
1147.8800000000	n/a	n/a	Trn Resp: right,correct	n/a	n/a	S102
1148.4760000000	n/a	n/a	FB: +1	n/a	n/a	S  8
1150.6440000000	n/a	n/a	Trn Stim: FE	n/a	n/a	S143
1151.4000000000	n/a	n/a	Trn Resp: left,incorrect	n/a	n/a	S103
1151.9920000000	n/a	n/a	FB: 0	n/a	n/a	S  9
1154.1600000000	n/a	n/a	Trn Stim: DC	n/a	n/a	S152
1154.8160000000	n/a	n/a	Trn Resp: right,correct	n/a	n/a	S102
1155.3060000000	n/a	n/a	FB: 0	n/a	n/a	S  9
1157.4760000000	n/a	n/a	Trn Stim: BA	n/a	n/a	S161
1157.8720000000	n/a	n/a	Trn Resp: left,incorrect	n/a	n/a	S103
1158.4560000000	n/a	n/a	FB: 0	n/a	n/a	S  9
1175.7700000000	n/a	n/a	Trn Stim: AB	n/a	n/a	S116
1176.5920000000	n/a	n/a	Trn Resp: right,incorrect	n/a	n/a	S104
1177.0840000000	n/a	n/a	FB: 0	n/a	n/a	S  9
1179.2520000000	n/a	n/a	Trn Stim: EF	n/a	n/a	S134
1180.6800000000	n/a	n/a	Trn Resp: right,incorrect	n/a	n/a	S104
1181.1820000000	n/a	n/a	FB: 0	n/a	n/a	S  9
1183.3500000000	n/a	n/a	Trn Stim: DC	n/a	n/a	S152
1184.6880000000	n/a	n/a	Trn Resp: right,correct	n/a	n/a	S102
1185.3640000000	n/a	n/a	FB: +1	n/a	n/a	S  8
1187.5320000000	n/a	n/a	Trn Stim: AB	n/a	n/a	S116
1189.8160000000	n/a	n/a	Trn Resp: right,incorrect	n/a	n/a	S104
1190.3300000000	n/a	n/a	FB: +1	n/a	n/a	S  8
1192.4980000000	n/a	n/a	Trn Stim: CD	n/a	n/a	S125
1193.2240000000	n/a	n/a	Trn Resp: left,correct	n/a	n/a	S101
1193.8780000000	n/a	n/a	FB: +1	n/a	n/a	S  8
1196.0480000000	n/a	n/a	Trn Stim: EF	n/a	n/a	S134
1196.7280000000	n/a	n/a	Trn Resp: left,correct	n/a	n/a	S101
1197.3940000000	n/a	n/a	FB: 0	n/a	n/a	S  9
1199.5620000000	n/a	n/a	Trn Stim: FE	n/a	n/a	S143
1200.8880000000	n/a	n/a	Trn Resp: right,correct	n/a	n/a	S102
1201.5580000000	n/a	n/a	FB: +1	n/a	n/a	S  8
1203.7280000000	n/a	n/a	Trn Stim: DC	n/a	n/a	S152
1204.5360000000	n/a	n/a	Trn Resp: left,incorrect	n/a	n/a	S103
1205.0580000000	n/a	n/a	FB: 0	n/a	n/a	S  9
1207.2260000000	n/a	n/a	Trn Stim: BA	n/a	n/a	S161
1208.6800000000	n/a	n/a	Trn Resp: left,incorrect	n/a	n/a	S103
1209.3060000000	n/a	n/a	FB: 0	n/a	n/a	S  9
1211.4760000000	n/a	n/a	Trn Stim: DC	n/a	n/a	S152
1211.8240000000	n/a	n/a	Trn Resp: right,correct	n/a	n/a	S102
1212.3060000000	n/a	n/a	FB: +1	n/a	n/a	S  8
1214.4740000000	n/a	n/a	Trn Stim: EF	n/a	n/a	S134
1214.9920000000	n/a	n/a	Trn Resp: left,correct	n/a	n/a	S101
1215.5040000000	n/a	n/a	FB: +1	n/a	n/a	S  8
1217.6740000000	n/a	n/a	Trn Stim: BA	n/a	n/a	S161
1218.2080000000	n/a	n/a	Trn Resp: right,correct	n/a	n/a	S102
1218.7700000000	n/a	n/a	FB: +1	n/a	n/a	S  8
1220.9380000000	n/a	n/a	Trn Stim: CD	n/a	n/a	S125
1221.3680000000	n/a	n/a	Trn Resp: right,incorrect	n/a	n/a	S104
1221.9520000000	n/a	n/a	FB: 0	n/a	n/a	S  9
1224.1220000000	n/a	n/a	Trn Stim: FE	n/a	n/a	S143
1224.5120000000	n/a	n/a	Trn Resp: left,incorrect	n/a	n/a	S103
1225.1840000000	n/a	n/a	FB: 0	n/a	n/a	S  9
1227.3540000000	n/a	n/a	Trn Stim: BA	n/a	n/a	S161
1228.1600000000	n/a	n/a	Trn Resp: right,correct	n/a	n/a	S102
1228.8500000000	n/a	n/a	FB: 0	n/a	n/a	S  9
1231.0180000000	n/a	n/a	Trn Stim: BA	n/a	n/a	S161
1231.5200000000	n/a	n/a	Trn Resp: left,incorrect	n/a	n/a	S103
1232.1660000000	n/a	n/a	FB: 0	n/a	n/a	S  9
1234.3520000000	n/a	n/a	Trn Stim: CD	n/a	n/a	S125
1234.7280000000	n/a	n/a	Trn Resp: left,correct	n/a	n/a	S101
1235.2820000000	n/a	n/a	FB: 0	n/a	n/a	S  9
1237.4500000000	n/a	n/a	Trn Stim: EF	n/a	n/a	S134
1238.3600000000	n/a	n/a	Trn Resp: left,correct	n/a	n/a	S101
1238.9640000000	n/a	n/a	FB: +1	n/a	n/a	S  8
1241.1320000000	n/a	n/a	Trn Stim: BA	n/a	n/a	S161
1241.6800000000	n/a	n/a	Trn Resp: right,correct	n/a	n/a	S102
1242.1620000000	n/a	n/a	FB: +1	n/a	n/a	S  8
1244.3320000000	n/a	n/a	Trn Stim: FE	n/a	n/a	S143
1245.3280000000	n/a	n/a	Trn Resp: left,incorrect	n/a	n/a	S103
1245.9780000000	n/a	n/a	FB: +1	n/a	n/a	S  8
1248.1460000000	n/a	n/a	Trn Stim: CD	n/a	n/a	S125
1248.5440000000	n/a	n/a	Trn Resp: left,correct	n/a	n/a	S101
1249.2100000000	n/a	n/a	FB: +1	n/a	n/a	S  8
1251.3800000000	n/a	n/a	Trn Stim: FE	n/a	n/a	S143
1251.8960000000	n/a	n/a	Trn Resp: right,correct	n/a	n/a	S102
1252.4420000000	n/a	n/a	FB: 0	n/a	n/a	S  9
1254.6120000000	n/a	n/a	Trn Stim: CD	n/a	n/a	S125
1255.4340000000	n/a	n/a	Trn Resp: left,correct	n/a	n/a	S101
1255.9580000000	n/a	n/a	FB: +1	n/a	n/a	S  8
1258.1280000000	n/a	n/a	Trn Stim: AB	n/a	n/a	S116
1258.5060000000	n/a	n/a	Trn Resp: right,incorrect	n/a	n/a	S104
1259.0080000000	n/a	n/a	FB: +1	n/a	n/a	S  8
1261.1760000000	n/a	n/a	Trn Stim: BA	n/a	n/a	S161
1261.4900000000	n/a	n/a	Trn Resp: left,incorrect	n/a	n/a	S103
1262.1400000000	n/a	n/a	FB: 0	n/a	n/a	S  9
1264.3080000000	n/a	n/a	Trn Stim: DC	n/a	n/a	S152
1265.5220000000	n/a	n/a	Trn Resp: left,incorrect	n/a	n/a	S103
1266.1060000000	n/a	n/a	FB: 0	n/a	n/a	S  9
1268.2740000000	n/a	n/a	Trn Stim: FE	n/a	n/a	S143
1269.0740000000	n/a	n/a	Trn Resp: right,correct	n/a	n/a	S102
1269.5880000000	n/a	n/a	FB: 0	n/a	n/a	S  9
1271.7580000000	n/a	n/a	Trn Stim: EF	n/a	n/a	S134
1272.2500000000	n/a	n/a	Trn Resp: left,correct	n/a	n/a	S101
1272.8220000000	n/a	n/a	FB: +1	n/a	n/a	S  8
1275.0060000000	n/a	n/a	Trn Stim: CD	n/a	n/a	S125
1275.5460000000	n/a	n/a	Trn Resp: right,incorrect	n/a	n/a	S104
1276.0360000000	n/a	n/a	FB: +1	n/a	n/a	S  8
1278.2060000000	n/a	n/a	Trn Stim: AB	n/a	n/a	S116
1278.6900000000	n/a	n/a	Trn Resp: left,correct	n/a	n/a	S101
1279.3520000000	n/a	n/a	FB: +1	n/a	n/a	S  8
1281.5200000000	n/a	n/a	Trn Stim: EF	n/a	n/a	S134
1281.9300000000	n/a	n/a	Trn Resp: right,incorrect	n/a	n/a	S104
1282.6160000000	n/a	n/a	FB: 0	n/a	n/a	S  9
1284.7860000000	n/a	n/a	Trn Stim: DC	n/a	n/a	S152
1284.9500000000	n/a	n/a	Trn Resp: left,incorrect	n/a	n/a	S103
1285.5000000000	n/a	n/a	FB: +1	n/a	n/a	S  8
1287.6680000000	n/a	n/a	Trn Stim: AB	n/a	n/a	S116
1288.4180000000	n/a	n/a	Trn Resp: right,incorrect	n/a	n/a	S104
1288.9980000000	n/a	n/a	FB: 0	n/a	n/a	S  9
1291.1660000000	n/a	n/a	Trn Stim: EF	n/a	n/a	S134
1291.6100000000	n/a	n/a	Trn Resp: left,correct	n/a	n/a	S101
1292.2800000000	n/a	n/a	FB: +1	n/a	n/a	S  8
1294.4500000000	n/a	n/a	Trn Stim: BA	n/a	n/a	S161
1294.9700000000	n/a	n/a	Trn Resp: right,correct	n/a	n/a	S102
1295.6460000000	n/a	n/a	FB: +1	n/a	n/a	S  8
1297.8140000000	n/a	n/a	Trn Stim: CD	n/a	n/a	S125
1298.6260000000	n/a	n/a	Trn Resp: left,correct	n/a	n/a	S101
1299.1120000000	n/a	n/a	FB: +1	n/a	n/a	S  8
1301.2800000000	n/a	n/a	Trn Stim: FE	n/a	n/a	S143
1302.1060000000	n/a	n/a	Trn Resp: right,correct	n/a	n/a	S102
1302.6100000000	n/a	n/a	FB: 0	n/a	n/a	S  9
1304.7800000000	n/a	n/a	Trn Stim: DC	n/a	n/a	S152
1305.6900000000	n/a	n/a	Trn Resp: left,incorrect	n/a	n/a	S103
1306.2100000000	n/a	n/a	FB: +1	n/a	n/a	S  8
1308.3780000000	n/a	n/a	Trn Stim: AB	n/a	n/a	S116
1308.8900000000	n/a	n/a	Trn Resp: right,incorrect	n/a	n/a	S104
1309.4920000000	n/a	n/a	FB: 0	n/a	n/a	S  9
1311.6600000000	n/a	n/a	Trn Stim: EF	n/a	n/a	S134
1312.3940000000	n/a	n/a	Trn Resp: left,correct	n/a	n/a	S101
1313.0080000000	n/a	n/a	FB: 0	n/a	n/a	S  9
1315.1760000000	n/a	n/a	Trn Stim: AB	n/a	n/a	S116
1315.8420000000	n/a	n/a	Trn Resp: right,incorrect	n/a	n/a	S104
1316.5220000000	n/a	n/a	FB: 0	n/a	n/a	S  9
1318.6920000000	n/a	n/a	Trn Stim: DC	n/a	n/a	S152
1318.8580000000	n/a	n/a	Trn Resp: right,correct	n/a	n/a	S102
1319.3880000000	n/a	n/a	FB: +1	n/a	n/a	S  8
1321.5580000000	n/a	n/a	Trn Stim: FE	n/a	n/a	S143
1322.2660000000	n/a	n/a	Trn Resp: right,correct	n/a	n/a	S102
1322.8380000000	n/a	n/a	FB: +1	n/a	n/a	S  8
1325.0060000000	n/a	n/a	Trn Stim: BA	n/a	n/a	S161
1327.4260000000	n/a	n/a	Trn Resp: right,correct	n/a	n/a	S102
1328.0360000000	n/a	n/a	FB: +1	n/a	n/a	S  8
1330.2040000000	n/a	n/a	Trn Stim: DC	n/a	n/a	S152
1330.8740000000	n/a	n/a	Trn Resp: left,incorrect	n/a	n/a	S103
1331.4860000000	n/a	n/a	FB: 0	n/a	n/a	S  9
1333.6540000000	n/a	n/a	Trn Stim: FE	n/a	n/a	S143
1334.1780000000	n/a	n/a	Trn Resp: left,incorrect	n/a	n/a	S103
1334.6840000000	n/a	n/a	FB: 0	n/a	n/a	S  9
1336.8520000000	n/a	n/a	Trn Stim: DC	n/a	n/a	S152
1341.0160000000	n/a	n/a	Trn No Response	n/a	n/a	S105
1341.5320000000	n/a	n/a	STATUS	n/a	n/a	S  7
1343.7180000000	n/a	n/a	Trn Stim: AB	n/a	n/a	S116
1344.2900000000	n/a	n/a	Trn Resp: left,correct	n/a	n/a	S101
1344.9140000000	n/a	n/a	FB: +1	n/a	n/a	S  8
1347.0820000000	n/a	n/a	Trn Stim: CD	n/a	n/a	S125
1347.8580000000	n/a	n/a	Trn Resp: right,incorrect	n/a	n/a	S104
1348.3460000000	n/a	n/a	FB: 0	n/a	n/a	S  9
1350.5160000000	n/a	n/a	Trn Stim: EF	n/a	n/a	S134
1352.2420000000	n/a	n/a	Trn Resp: left,correct	n/a	n/a	S101
1352.8940000000	n/a	n/a	FB: 0	n/a	n/a	S  9
1355.0640000000	n/a	n/a	Trn Stim: AB	n/a	n/a	S116
1356.0180000000	n/a	n/a	Trn Resp: left,correct	n/a	n/a	S101
1356.5600000000	n/a	n/a	FB: +1	n/a	n/a	S  8
1358.7300000000	n/a	n/a	Trn Stim: DC	n/a	n/a	S152
1359.7380000000	n/a	n/a	Trn Resp: right,correct	n/a	n/a	S102
1360.3600000000	n/a	n/a	FB: 0	n/a	n/a	S  9
1362.5280000000	n/a	n/a	Trn Stim: BA	n/a	n/a	S161
1363.3380000000	n/a	n/a	Trn Resp: left,incorrect	n/a	n/a	S103
1363.8580000000	n/a	n/a	FB: +1	n/a	n/a	S  8
1366.0260000000	n/a	n/a	Trn Stim: EF	n/a	n/a	S134
1367.9940000000	n/a	n/a	Trn Resp: right,incorrect	n/a	n/a	S104
1368.6560000000	n/a	n/a	FB: +1	n/a	n/a	S  8
1370.8260000000	n/a	n/a	Trn Stim: CD	n/a	n/a	S125
1371.9940000000	n/a	n/a	Trn Resp: left,correct	n/a	n/a	S101
1372.6220000000	n/a	n/a	FB: +1	n/a	n/a	S  8
1374.7920000000	n/a	n/a	Trn Stim: FE	n/a	n/a	S143
1375.7960000000	n/a	n/a	Trn Resp: right,correct	n/a	n/a	S102
1376.4380000000	n/a	n/a	FB: +1	n/a	n/a	S  8
1378.6060000000	n/a	n/a	Trn Stim: BA	n/a	n/a	S161
1379.4120000000	n/a	n/a	Trn Resp: right,correct	n/a	n/a	S102
1380.0540000000	n/a	n/a	FB: +1	n/a	n/a	S  8
1382.2220000000	n/a	n/a	Trn Stim: FE	n/a	n/a	S143
1383.1240000000	n/a	n/a	Trn Resp: left,incorrect	n/a	n/a	S103
1383.6680000000	n/a	n/a	FB: 0	n/a	n/a	S  9
1385.8380000000	n/a	n/a	Trn Stim: AB	n/a	n/a	S116
1386.6280000000	n/a	n/a	Trn Resp: right,incorrect	n/a	n/a	S104
1387.1180000000	n/a	n/a	FB: 0	n/a	n/a	S  9
1389.2860000000	n/a	n/a	Trn Stim: CD	n/a	n/a	S125
1389.7560000000	n/a	n/a	Trn Resp: right,incorrect	n/a	n/a	S104
1390.4340000000	n/a	n/a	FB: +1	n/a	n/a	S  8
1406.6600000000	n/a	n/a	Trn Stim: EF	n/a	n/a	S134
1407.2280000000	n/a	n/a	Trn Resp: right,incorrect	n/a	n/a	S104
1407.7460000000	n/a	n/a	FB: 0	n/a	n/a	S  9
1409.9140000000	n/a	n/a	Trn Stim: CD	n/a	n/a	S125
1410.1640000000	n/a	n/a	Trn Resp: left,correct	n/a	n/a	S101
1410.8280000000	n/a	n/a	FB: +1	n/a	n/a	S  8
1412.9980000000	n/a	n/a	Trn Stim: AB	n/a	n/a	S116
1413.7960000000	n/a	n/a	Trn Resp: left,correct	n/a	n/a	S101
1414.3420000000	n/a	n/a	FB: 0	n/a	n/a	S  9
1416.5120000000	n/a	n/a	Trn Stim: BA	n/a	n/a	S161
1417.4440000000	n/a	n/a	Trn Resp: left,incorrect	n/a	n/a	S103
1418.0740000000	n/a	n/a	FB: 0	n/a	n/a	S  9
1420.2440000000	n/a	n/a	Trn Stim: CD	n/a	n/a	S125
1421.8200000000	n/a	n/a	Trn Resp: left,correct	n/a	n/a	S101
1422.3260000000	n/a	n/a	FB: +1	n/a	n/a	S  8
1424.5080000000	n/a	n/a	Trn Stim: EF	n/a	n/a	S134
1425.5800000000	n/a	n/a	Trn Resp: right,incorrect	n/a	n/a	S104
1426.2220000000	n/a	n/a	FB: 0	n/a	n/a	S  9
1428.3900000000	n/a	n/a	Trn Stim: BA	n/a	n/a	S161
1429.4520000000	n/a	n/a	Trn Resp: left,incorrect	n/a	n/a	S103
1429.9540000000	n/a	n/a	FB: 0	n/a	n/a	S  9
1432.1220000000	n/a	n/a	Trn Stim: DC	n/a	n/a	S152
1432.5320000000	n/a	n/a	Trn Resp: left,incorrect	n/a	n/a	S103
1433.2040000000	n/a	n/a	FB: 0	n/a	n/a	S  9
1435.3720000000	n/a	n/a	Trn Stim: FE	n/a	n/a	S143
1435.7560000000	n/a	n/a	Trn Resp: right,correct	n/a	n/a	S102
1436.3020000000	n/a	n/a	FB: +1	n/a	n/a	S  8
1438.4700000000	n/a	n/a	Trn Stim: BA	n/a	n/a	S161
1438.7640000000	n/a	n/a	Trn Resp: left,incorrect	n/a	n/a	S103
1439.3180000000	n/a	n/a	FB: 0	n/a	n/a	S  9
1441.4860000000	n/a	n/a	Trn Stim: CD	n/a	n/a	S125
1441.6500000000	n/a	n/a	Trn Resp: right,incorrect	n/a	n/a	S104
1442.2000000000	n/a	n/a	FB: 0	n/a	n/a	S  9
1444.3680000000	n/a	n/a	Trn Stim: FE	n/a	n/a	S143
1444.6840000000	n/a	n/a	Trn Resp: right,correct	n/a	n/a	S102
1445.2500000000	n/a	n/a	FB: +1	n/a	n/a	S  8
1447.4180000000	n/a	n/a	Trn Stim: DC	n/a	n/a	S152
1447.5820000000	n/a	n/a	Trn Resp: right,correct	n/a	n/a	S102
1448.2160000000	n/a	n/a	FB: +1	n/a	n/a	S  8
1450.3840000000	n/a	n/a	Trn Stim: EF	n/a	n/a	S134
1450.7560000000	n/a	n/a	Trn Resp: right,incorrect	n/a	n/a	S104
1451.3640000000	n/a	n/a	FB: 0	n/a	n/a	S  9
1453.5320000000	n/a	n/a	Trn Stim: BA	n/a	n/a	S161
1454.1720000000	n/a	n/a	Trn Resp: left,incorrect	n/a	n/a	S103
1454.7460000000	n/a	n/a	FB: +1	n/a	n/a	S  8
1456.9140000000	n/a	n/a	Trn Stim: DC	n/a	n/a	S152
1457.7720000000	n/a	n/a	Trn Resp: right,correct	n/a	n/a	S102
1458.3960000000	n/a	n/a	FB: +1	n/a	n/a	S  8
1460.5640000000	n/a	n/a	Trn Stim: AB	n/a	n/a	S116
1461.4440000000	n/a	n/a	Trn Resp: left,correct	n/a	n/a	S101
1462.0940000000	n/a	n/a	FB: +1	n/a	n/a	S  8
1464.2620000000	n/a	n/a	Trn Stim: EF	n/a	n/a	S134
1464.7800000000	n/a	n/a	Trn Resp: right,incorrect	n/a	n/a	S104
1465.3600000000	n/a	n/a	FB: +1	n/a	n/a	S  8
1467.5280000000	n/a	n/a	Trn Stim: DC	n/a	n/a	S152
1469.2360000000	n/a	n/a	Trn Resp: right,correct	n/a	n/a	S102
1469.7420000000	n/a	n/a	FB: +1	n/a	n/a	S  8
1471.9100000000	n/a	n/a	Trn Stim: EF	n/a	n/a	S134
1472.5960000000	n/a	n/a	Trn Resp: left,correct	n/a	n/a	S101
1473.1900000000	n/a	n/a	FB: 0	n/a	n/a	S  9
1475.3600000000	n/a	n/a	Trn Stim: BA	n/a	n/a	S161
1476.0200000000	n/a	n/a	Trn Resp: right,correct	n/a	n/a	S102
1476.5220000000	n/a	n/a	FB: +1	n/a	n/a	S  8
1478.6920000000	n/a	n/a	Trn Stim: BA	n/a	n/a	S161
1479.7400000000	n/a	n/a	Trn Resp: right,correct	n/a	n/a	S102
1480.2560000000	n/a	n/a	FB: +1	n/a	n/a	S  8
1482.4240000000	n/a	n/a	Trn Stim: FE	n/a	n/a	S143
1483.2040000000	n/a	n/a	Trn Resp: left,incorrect	n/a	n/a	S103
1483.8700000000	n/a	n/a	FB: +1	n/a	n/a	S  8
1486.0400000000	n/a	n/a	Trn Stim: DC	n/a	n/a	S152
1487.2760000000	n/a	n/a	Trn Resp: left,incorrect	n/a	n/a	S103
1487.8700000000	n/a	n/a	FB: 0	n/a	n/a	S  9
1490.0380000000	n/a	n/a	Trn Stim: CD	n/a	n/a	S125
1490.9240000000	n/a	n/a	Trn Resp: right,incorrect	n/a	n/a	S104
1491.5520000000	n/a	n/a	FB: +1	n/a	n/a	S  8
1493.7200000000	n/a	n/a	Trn Stim: AB	n/a	n/a	S116
1494.5880000000	n/a	n/a	Trn Resp: left,correct	n/a	n/a	S101
1495.1340000000	n/a	n/a	FB: +1	n/a	n/a	S  8
1497.3020000000	n/a	n/a	Trn Stim: FE	n/a	n/a	S143
1498.5740000000	n/a	n/a	Trn Resp: left,incorrect	n/a	n/a	S103
1499.0820000000	n/a	n/a	FB: 0	n/a	n/a	S  9
1501.2520000000	n/a	n/a	Trn Stim: EF	n/a	n/a	S134
1503.3740000000	n/a	n/a	Trn Resp: right,incorrect	n/a	n/a	S104
1503.8800000000	n/a	n/a	FB: 0	n/a	n/a	S  9
1506.0500000000	n/a	n/a	Trn Stim: BA	n/a	n/a	S161
1506.3660000000	n/a	n/a	Trn Resp: left,incorrect	n/a	n/a	S103
1507.0300000000	n/a	n/a	FB: 0	n/a	n/a	S  9
1509.1980000000	n/a	n/a	Trn Stim: CD	n/a	n/a	S125
1509.6220000000	n/a	n/a	Trn Resp: right,incorrect	n/a	n/a	S104
1510.2620000000	n/a	n/a	FB: 0	n/a	n/a	S  9
1512.4300000000	n/a	n/a	Trn Stim: EF	n/a	n/a	S134
1513.2860000000	n/a	n/a	Trn Resp: left,correct	n/a	n/a	S101
1513.8780000000	n/a	n/a	FB: +1	n/a	n/a	S  8
1516.0460000000	n/a	n/a	Trn Stim: BA	n/a	n/a	S161
1516.9740000000	n/a	n/a	Trn Resp: right,correct	n/a	n/a	S102
1517.5940000000	n/a	n/a	FB: +1	n/a	n/a	S  8
1519.7620000000	n/a	n/a	Trn Stim: DC	n/a	n/a	S152
1520.6460000000	n/a	n/a	Trn Resp: left,incorrect	n/a	n/a	S103
1521.2080000000	n/a	n/a	FB: +1	n/a	n/a	S  8
1523.3780000000	n/a	n/a	Trn Stim: AB	n/a	n/a	S116
1524.8300000000	n/a	n/a	Trn Resp: right,incorrect	n/a	n/a	S104
1525.3260000000	n/a	n/a	FB: 0	n/a	n/a	S  9
1527.4940000000	n/a	n/a	Trn Stim: CD	n/a	n/a	S125
1528.7340000000	n/a	n/a	Trn Resp: left,correct	n/a	n/a	S101
1529.2900000000	n/a	n/a	FB: +1	n/a	n/a	S  8
1531.4600000000	n/a	n/a	Trn Stim: FE	n/a	n/a	S143
1533.3100000000	n/a	n/a	Trn Resp: right,correct	n/a	n/a	S102
1533.9560000000	n/a	n/a	FB: +1	n/a	n/a	S  8
1536.1400000000	n/a	n/a	Trn Stim: EF	n/a	n/a	S134
1537.1260000000	n/a	n/a	Trn Resp: right,incorrect	n/a	n/a	S104
1537.7200000000	n/a	n/a	FB: +1	n/a	n/a	S  8
1539.8900000000	n/a	n/a	Trn Stim: AB	n/a	n/a	S116
1540.7500000000	n/a	n/a	Trn Resp: left,correct	n/a	n/a	S101
1541.2700000000	n/a	n/a	FB: +1	n/a	n/a	S  8
1543.4380000000	n/a	n/a	Trn Stim: CD	n/a	n/a	S125
1544.0380000000	n/a	n/a	Trn Resp: right,incorrect	n/a	n/a	S104
1544.5680000000	n/a	n/a	FB: +1	n/a	n/a	S  8
1546.7360000000	n/a	n/a	Trn Stim: FE	n/a	n/a	S143
1547.3900000000	n/a	n/a	Trn Resp: right,correct	n/a	n/a	S102
1547.9500000000	n/a	n/a	FB: 0	n/a	n/a	S  9
1550.1200000000	n/a	n/a	Trn Stim: AB	n/a	n/a	S116
1550.7580000000	n/a	n/a	Trn Resp: left,correct	n/a	n/a	S101
1551.4320000000	n/a	n/a	FB: +1	n/a	n/a	S  8
1553.6020000000	n/a	n/a	Trn Stim: DC	n/a	n/a	S152
1554.1020000000	n/a	n/a	Trn Resp: right,correct	n/a	n/a	S102
1554.5980000000	n/a	n/a	FB: 0	n/a	n/a	S  9
1556.7680000000	n/a	n/a	Trn Stim: AB	n/a	n/a	S116
1557.2220000000	n/a	n/a	Trn Resp: left,correct	n/a	n/a	S101
1557.7640000000	n/a	n/a	FB: 0	n/a	n/a	S  9
1559.9320000000	n/a	n/a	Trn Stim: DC	n/a	n/a	S152
1560.4620000000	n/a	n/a	Trn Resp: right,correct	n/a	n/a	S102
1561.1460000000	n/a	n/a	FB: +1	n/a	n/a	S  8
1563.3160000000	n/a	n/a	Trn Stim: FE	n/a	n/a	S143
1564.0220000000	n/a	n/a	Trn Resp: left,incorrect	n/a	n/a	S103
1564.6460000000	n/a	n/a	FB: 0	n/a	n/a	S  9
1566.8140000000	n/a	n/a	Trn Stim: BA	n/a	n/a	S161
1567.0700000000	n/a	n/a	Trn Resp: right,correct	n/a	n/a	S102
1567.6280000000	n/a	n/a	FB: 0	n/a	n/a	S  9
1569.7960000000	n/a	n/a	Trn Stim: EF	n/a	n/a	S134
1570.5180000000	n/a	n/a	Trn Resp: left,correct	n/a	n/a	S101
1571.1940000000	n/a	n/a	FB: 0	n/a	n/a	S  9
1573.3620000000	n/a	n/a	Trn Stim: DC	n/a	n/a	S152
1574.4140000000	n/a	n/a	Trn Resp: left,incorrect	n/a	n/a	S103
1574.9080000000	n/a	n/a	FB: 0	n/a	n/a	S  9
1577.0780000000	n/a	n/a	Trn Stim: EF	n/a	n/a	S134
1577.5900000000	n/a	n/a	Trn Resp: left,correct	n/a	n/a	S101
1578.0740000000	n/a	n/a	FB: +1	n/a	n/a	S  8
1580.2440000000	n/a	n/a	Trn Stim: CD	n/a	n/a	S125
1582.9660000000	n/a	n/a	Trn Resp: left,correct	n/a	n/a	S101
1583.6560000000	n/a	n/a	FB: +1	n/a	n/a	S  8
1585.8240000000	n/a	n/a	Trn Stim: AB	n/a	n/a	S116
1586.1980000000	n/a	n/a	Trn Resp: right,incorrect	n/a	n/a	S104
1586.6880000000	n/a	n/a	FB: 0	n/a	n/a	S  9
1588.8580000000	n/a	n/a	Trn Stim: CD	n/a	n/a	S125
1589.2380000000	n/a	n/a	Trn Resp: left,correct	n/a	n/a	S101
1589.7200000000	n/a	n/a	FB: 0	n/a	n/a	S  9
1591.8900000000	n/a	n/a	Trn Stim: FE	n/a	n/a	S143
1592.2620000000	n/a	n/a	Trn Resp: left,incorrect	n/a	n/a	S103
1592.7540000000	n/a	n/a	FB: 0	n/a	n/a	S  9
1594.9220000000	n/a	n/a	Trn Stim: AB	n/a	n/a	S116
1595.2300000000	n/a	n/a	Trn Resp: right,incorrect	n/a	n/a	S104
1595.7860000000	n/a	n/a	FB: 0	n/a	n/a	S  9
1597.9540000000	n/a	n/a	Trn Stim: CD	n/a	n/a	S125
1598.4380000000	n/a	n/a	Trn Resp: right,incorrect	n/a	n/a	S104
1599.0020000000	n/a	n/a	FB: 0	n/a	n/a	S  9
1601.1700000000	n/a	n/a	Trn Stim: FE	n/a	n/a	S143
1601.9180000000	n/a	n/a	Trn Resp: left,incorrect	n/a	n/a	S103
1602.5660000000	n/a	n/a	FB: +1	n/a	n/a	S  8
1604.7360000000	n/a	n/a	Trn Stim: BA	n/a	n/a	S161
1605.1660000000	n/a	n/a	Trn Resp: right,correct	n/a	n/a	S102
1605.8000000000	n/a	n/a	FB: +1	n/a	n/a	S  8
1607.9680000000	n/a	n/a	Trn Stim: AB	n/a	n/a	S116
1608.6700000000	n/a	n/a	Trn Resp: left,correct	n/a	n/a	S101
1609.3640000000	n/a	n/a	FB: +1	n/a	n/a	S  8
1611.5340000000	n/a	n/a	Trn Stim: FE	n/a	n/a	S143
1612.2060000000	n/a	n/a	Trn Resp: right,correct	n/a	n/a	S102
1612.6980000000	n/a	n/a	FB: 0	n/a	n/a	S  9
1614.8660000000	n/a	n/a	Trn Stim: DC	n/a	n/a	S152
1615.6940000000	n/a	n/a	Trn Resp: left,incorrect	n/a	n/a	S103
1616.1800000000	n/a	n/a	FB: +1	n/a	n/a	S  8
1630.6160000000	n/a	n/a	Tst Stim: FE	n/a	n/a	S 43
1631.8680000000	n/a	n/a	Test Resp: left,incorrect	n/a	n/a	S  3
1633.0420000000	n/a	n/a	Tst Stim: AF	n/a	n/a	S 14
1634.1840000000	n/a	n/a	Test Resp: left,correct	n/a	n/a	S  1
1635.3580000000	n/a	n/a	Tst Stim: AF	n/a	n/a	S 14
1636.1680000000	n/a	n/a	Test Resp: right,incorrect	n/a	n/a	S  4
1637.3420000000	n/a	n/a	Tst Stim: DC	n/a	n/a	S 52
1638.6880000000	n/a	n/a	Test Resp: left,incorrect	n/a	n/a	S  3
1639.8580000000	n/a	n/a	Tst Stim: BC	n/a	n/a	S 62
1640.8720000000	n/a	n/a	Test Resp: right,correct	n/a	n/a	S  2
1642.0400000000	n/a	n/a	Tst Stim: BD	n/a	n/a	S 65
1642.8320000000	n/a	n/a	Test Resp: right,correct	n/a	n/a	S  2
1644.0060000000	n/a	n/a	Tst Stim: EA	n/a	n/a	S 31
1645.0240000000	n/a	n/a	Test Resp: left,incorrect	n/a	n/a	S  3
1646.2060000000	n/a	n/a	Tst Stim: EF	n/a	n/a	S 34
1647.1120000000	n/a	n/a	Test Resp: right,incorrect	n/a	n/a	S  4
1648.2880000000	n/a	n/a	Tst Stim: FB	n/a	n/a	S 46
1649.4160000000	n/a	n/a	Test Resp: left,correct	n/a	n/a	S  1
1650.5880000000	n/a	n/a	Tst Stim: FE	n/a	n/a	S 43
1651.4160000000	n/a	n/a	Test Resp: left,incorrect	n/a	n/a	S  3
1652.5880000000	n/a	n/a	Tst Stim: DB	n/a	n/a	S 56
1653.5680000000	n/a	n/a	Test Resp: left,correct	n/a	n/a	S  1
1654.7380000000	n/a	n/a	Tst Stim: BF	n/a	n/a	S 64
1655.4480000000	n/a	n/a	Test Resp: right,correct	n/a	n/a	S  2
1656.6200000000	n/a	n/a	Tst Stim: DA	n/a	n/a	S 51
1658.9520000000	n/a	n/a	Test Resp: right,correct	n/a	n/a	S  2
1660.1360000000	n/a	n/a	Tst Stim: BE	n/a	n/a	S 63
1661.2160000000	n/a	n/a	Test Resp: left,incorrect	n/a	n/a	S  3
1662.4000000000	n/a	n/a	Tst Stim: FE	n/a	n/a	S 43
1663.4640000000	n/a	n/a	Test Resp: left,incorrect	n/a	n/a	S  3
1664.6320000000	n/a	n/a	Tst Stim: EC	n/a	n/a	S 32
1667.2480000000	n/a	n/a	Test Resp: right,correct	n/a	n/a	S  2
1668.4160000000	n/a	n/a	Tst Stim: EF	n/a	n/a	S 34
1669.1200000000	n/a	n/a	Test Resp: left,correct	n/a	n/a	S  1
1670.2980000000	n/a	n/a	Tst Stim: CF	n/a	n/a	S 24
1671.3040000000	n/a	n/a	Test Resp: right,incorrect	n/a	n/a	S  4
1672.4800000000	n/a	n/a	Tst Stim: CB	n/a	n/a	S 26
1674.2000000000	n/a	n/a	Test Resp: left,correct	n/a	n/a	S  1
1675.3800000000	n/a	n/a	Tst Stim: EC	n/a	n/a	S 32
1676.5360000000	n/a	n/a	Test Resp: left,incorrect	n/a	n/a	S  3
1677.7120000000	n/a	n/a	Tst Stim: AF	n/a	n/a	S 14
1679.0720000000	n/a	n/a	Test Resp: right,incorrect	n/a	n/a	S  4
1680.2440000000	n/a	n/a	Tst Stim: EB	n/a	n/a	S 36
1681.2720000000	n/a	n/a	Test Resp: left,correct	n/a	n/a	S  1
1682.4440000000	n/a	n/a	Tst Stim: EB	n/a	n/a	S 36
1683.2160000000	n/a	n/a	Test Resp: left,correct	n/a	n/a	S  1
1684.3940000000	n/a	n/a	Tst Stim: DC	n/a	n/a	S 52
1685.4880000000	n/a	n/a	Test Resp: left,incorrect	n/a	n/a	S  3
1686.6600000000	n/a	n/a	Tst Stim: DA	n/a	n/a	S 51
1687.9280000000	n/a	n/a	Test Resp: left,incorrect	n/a	n/a	S  3
1689.1080000000	n/a	n/a	Tst Stim: EF	n/a	n/a	S 34
1690.1440000000	n/a	n/a	Test Resp: right,incorrect	n/a	n/a	S  4
1691.3240000000	n/a	n/a	Tst Stim: BC	n/a	n/a	S 62
1692.1440000000	n/a	n/a	Test Resp: left,incorrect	n/a	n/a	S  3
1693.3240000000	n/a	n/a	Tst Stim: AB	n/a	n/a	S 16
1695.1120000000	n/a	n/a	Test Resp: left,correct	n/a	n/a	S  1
1696.2900000000	n/a	n/a	Tst Stim: BE	n/a	n/a	S 63
1697.0400000000	n/a	n/a	Test Resp: right,correct	n/a	n/a	S  2
1698.2220000000	n/a	n/a	Tst Stim: FA	n/a	n/a	S 41
1699.9120000000	n/a	n/a	Test Resp: left,incorrect	n/a	n/a	S  3
1701.0880000000	n/a	n/a	Tst Stim: DC	n/a	n/a	S 52
1702.8640000000	n/a	n/a	Test Resp: right,correct	n/a	n/a	S  2
1704.0380000000	n/a	n/a	Tst Stim: FD	n/a	n/a	S 45
1704.9040000000	n/a	n/a	Test Resp: right,incorrect	n/a	n/a	S  4
1706.0860000000	n/a	n/a	Tst Stim: CA	n/a	n/a	S 21
1706.9440000000	n/a	n/a	Test Resp: left,incorrect	n/a	n/a	S  3
1708.1200000000	n/a	n/a	Tst Stim: FA	n/a	n/a	S 41
1709.3120000000	n/a	n/a	Test Resp: left,incorrect	n/a	n/a	S  3
1710.4860000000	n/a	n/a	Tst Stim: CA	n/a	n/a	S 21
1711.9840000000	n/a	n/a	Test Resp: left,incorrect	n/a	n/a	S  3
1713.1520000000	n/a	n/a	Tst Stim: AC	n/a	n/a	S 12
1714.1120000000	n/a	n/a	Test Resp: right,incorrect	n/a	n/a	S  4
1715.2840000000	n/a	n/a	Tst Stim: CB	n/a	n/a	S 26
1716.3200000000	n/a	n/a	Test Resp: left,correct	n/a	n/a	S  1
1717.5000000000	n/a	n/a	Tst Stim: AB	n/a	n/a	S 16
1718.2080000000	n/a	n/a	Test Resp: right,incorrect	n/a	n/a	S  4
1719.3820000000	n/a	n/a	Tst Stim: BA	n/a	n/a	S 61
1720.1440000000	n/a	n/a	Test Resp: right,correct	n/a	n/a	S  2
1721.3160000000	n/a	n/a	Tst Stim: BC	n/a	n/a	S 62
1722.4560000000	n/a	n/a	Test Resp: right,correct	n/a	n/a	S  2
1723.6320000000	n/a	n/a	Tst Stim: AC	n/a	n/a	S 12
1725.0320000000	n/a	n/a	Test Resp: left,correct	n/a	n/a	S  1
1726.2140000000	n/a	n/a	Tst Stim: AE	n/a	n/a	S 13
1727.1520000000	n/a	n/a	Test Resp: left,correct	n/a	n/a	S  1
1728.3300000000	n/a	n/a	Tst Stim: AB	n/a	n/a	S 16
1729.0480000000	n/a	n/a	Test Resp: left,correct	n/a	n/a	S  1
1730.2300000000	n/a	n/a	Tst Stim: CD	n/a	n/a	S 25
1730.9760000000	n/a	n/a	Test Resp: right,incorrect	n/a	n/a	S  4
1732.1460000000	n/a	n/a	Tst Stim: DE	n/a	n/a	S 53
1732.8240000000	n/a	n/a	Test Resp: left,incorrect	n/a	n/a	S  3
1733.9940000000	n/a	n/a	Tst Stim: FB	n/a	n/a	S 46
1735.1520000000	n/a	n/a	Test Resp: left,correct	n/a	n/a	S  1
1736.3280000000	n/a	n/a	Tst Stim: DC	n/a	n/a	S 52
1737.3840000000	n/a	n/a	Test Resp: right,correct	n/a	n/a	S  2
1738.5600000000	n/a	n/a	Tst Stim: CF	n/a	n/a	S 24
1739.5760000000	n/a	n/a	Test Resp: right,incorrect	n/a	n/a	S  4
1740.7600000000	n/a	n/a	Tst Stim: AC	n/a	n/a	S 12
1741.5040000000	n/a	n/a	Test Resp: left,correct	n/a	n/a	S  1
1742.6760000000	n/a	n/a	Tst Stim: AE	n/a	n/a	S 13
1743.4820000000	n/a	n/a	Test Resp: right,incorrect	n/a	n/a	S  4
1744.6580000000	n/a	n/a	Tst Stim: CE	n/a	n/a	S 23
1745.4560000000	n/a	n/a	Test Resp: right,incorrect	n/a	n/a	S  4
1746.6240000000	n/a	n/a	Tst Stim: DF	n/a	n/a	S 54
1747.4340000000	n/a	n/a	Test Resp: right,correct	n/a	n/a	S  2
1748.6060000000	n/a	n/a	Tst Stim: BE	n/a	n/a	S 63
1749.5700000000	n/a	n/a	Test Resp: right,correct	n/a	n/a	S  2
1750.7400000000	n/a	n/a	Tst Stim: CD	n/a	n/a	S 25
1751.4340000000	n/a	n/a	Test Resp: left,correct	n/a	n/a	S  1
1752.6060000000	n/a	n/a	Tst Stim: AD	n/a	n/a	S 15
1753.2900000000	n/a	n/a	Test Resp: left,correct	n/a	n/a	S  1
1754.4720000000	n/a	n/a	Tst Stim: DF	n/a	n/a	S 54
1755.3620000000	n/a	n/a	Test Resp: right,correct	n/a	n/a	S  2
1756.5380000000	n/a	n/a	Tst Stim: CE	n/a	n/a	S 23
1757.6180000000	n/a	n/a	Test Resp: right,incorrect	n/a	n/a	S  4
1758.7860000000	n/a	n/a	Tst Stim: DB	n/a	n/a	S 56
1759.6580000000	n/a	n/a	Test Resp: left,correct	n/a	n/a	S  1
1760.8360000000	n/a	n/a	Tst Stim: FC	n/a	n/a	S 42
1761.9220000000	n/a	n/a	Test Resp: left,incorrect	n/a	n/a	S  3
1763.1040000000	n/a	n/a	Tst Stim: AD	n/a	n/a	S 15
1764.2340000000	n/a	n/a	Test Resp: left,correct	n/a	n/a	S  1
1765.4020000000	n/a	n/a	Tst Stim: DE	n/a	n/a	S 53
1766.2180000000	n/a	n/a	Test Resp: right,correct	n/a	n/a	S  2
1767.3860000000	n/a	n/a	Tst Stim: EF	n/a	n/a	S 34
1768.0420000000	n/a	n/a	Test Resp: right,incorrect	n/a	n/a	S  4
1769.2180000000	n/a	n/a	Tst Stim: BA	n/a	n/a	S 61
1770.4980000000	n/a	n/a	Test Resp: right,correct	n/a	n/a	S  2
1771.6680000000	n/a	n/a	Tst Stim: BF	n/a	n/a	S 64
1772.5780000000	n/a	n/a	Test Resp: right,correct	n/a	n/a	S  2
1773.7480000000	n/a	n/a	Tst Stim: BA	n/a	n/a	S 61
1774.5780000000	n/a	n/a	Test Resp: right,correct	n/a	n/a	S  2
1775.7480000000	n/a	n/a	Tst Stim: AC	n/a	n/a	S 12
1776.3380000000	n/a	n/a	Test Resp: left,correct	n/a	n/a	S  1
1777.5140000000	n/a	n/a	Tst Stim: AD	n/a	n/a	S 15
1778.3140000000	n/a	n/a	Test Resp: left,correct	n/a	n/a	S  1
1779.4800000000	n/a	n/a	Tst Stim: AF	n/a	n/a	S 14
1780.5060000000	n/a	n/a	Test Resp: right,incorrect	n/a	n/a	S  4
1781.6800000000	n/a	n/a	Tst Stim: DE	n/a	n/a	S 53
1782.4740000000	n/a	n/a	Test Resp: left,incorrect	n/a	n/a	S  3
1783.6460000000	n/a	n/a	Tst Stim: CD	n/a	n/a	S 25
1784.5780000000	n/a	n/a	Test Resp: right,incorrect	n/a	n/a	S  4
1785.7460000000	n/a	n/a	Tst Stim: FC	n/a	n/a	S 42
1786.9300000000	n/a	n/a	Test Resp: left,incorrect	n/a	n/a	S  3
1788.1120000000	n/a	n/a	Tst Stim: AE	n/a	n/a	S 13
1788.8420000000	n/a	n/a	Test Resp: left,correct	n/a	n/a	S  1
1790.0100000000	n/a	n/a	Tst Stim: CB	n/a	n/a	S 26
1791.0900000000	n/a	n/a	Test Resp: left,correct	n/a	n/a	S  1
1792.2600000000	n/a	n/a	Tst Stim: FE	n/a	n/a	S 43
1793.1620000000	n/a	n/a	Test Resp: right,correct	n/a	n/a	S  2
1794.3420000000	n/a	n/a	Tst Stim: AD	n/a	n/a	S 15
1795.4020000000	n/a	n/a	Test Resp: left,correct	n/a	n/a	S  1
1796.5740000000	n/a	n/a	Tst Stim: EA	n/a	n/a	S 31
1797.6900000000	n/a	n/a	Test Resp: left,incorrect	n/a	n/a	S  3
1798.8600000000	n/a	n/a	Tst Stim: FC	n/a	n/a	S 42
1799.9300000000	n/a	n/a	Test Resp: right,correct	n/a	n/a	S  2
1801.1060000000	n/a	n/a	Tst Stim: CF	n/a	n/a	S 24
1802.0660000000	n/a	n/a	Test Resp: right,incorrect	n/a	n/a	S  4
1803.2400000000	n/a	n/a	Tst Stim: CE	n/a	n/a	S 23
1804.1380000000	n/a	n/a	Test Resp: left,correct	n/a	n/a	S  1
1805.3060000000	n/a	n/a	Tst Stim: BD	n/a	n/a	S 65
1806.1060000000	n/a	n/a	Test Resp: right,correct	n/a	n/a	S  2
1807.2880000000	n/a	n/a	Tst Stim: CD	n/a	n/a	S 25
1808.0740000000	n/a	n/a	Test Resp: left,correct	n/a	n/a	S  1
1809.2540000000	n/a	n/a	Tst Stim: CF	n/a	n/a	S 24
1811.6740000000	n/a	n/a	Test Resp: right,incorrect	n/a	n/a	S  4
1812.8540000000	n/a	n/a	Tst Stim: DF	n/a	n/a	S 54
1813.6820000000	n/a	n/a	Test Resp: right,correct	n/a	n/a	S  2
1814.8520000000	n/a	n/a	Tst Stim: EA	n/a	n/a	S 31
1816.1060000000	n/a	n/a	Test Resp: left,incorrect	n/a	n/a	S  3
1817.2860000000	n/a	n/a	Tst Stim: CA	n/a	n/a	S 21
1818.0340000000	n/a	n/a	Test Resp: right,correct	n/a	n/a	S  2
1819.2020000000	n/a	n/a	Tst Stim: FA	n/a	n/a	S 41
1819.8980000000	n/a	n/a	Test Resp: left,incorrect	n/a	n/a	S  3
1821.0680000000	n/a	n/a	Tst Stim: EB	n/a	n/a	S 36
1821.9700000000	n/a	n/a	Test Resp: left,correct	n/a	n/a	S  1
1823.1500000000	n/a	n/a	Tst Stim: DF	n/a	n/a	S 54
1823.9300000000	n/a	n/a	Test Resp: right,correct	n/a	n/a	S  2
1825.1000000000	n/a	n/a	Tst Stim: ED	n/a	n/a	S 35
1825.7700000000	n/a	n/a	Test Resp: left,correct	n/a	n/a	S  1
1826.9480000000	n/a	n/a	Tst Stim: DB	n/a	n/a	S 56
1827.6100000000	n/a	n/a	Test Resp: left,correct	n/a	n/a	S  1
1828.7820000000	n/a	n/a	Tst Stim: EC	n/a	n/a	S 32
1829.5220000000	n/a	n/a	Test Resp: left,incorrect	n/a	n/a	S  3
1830.6980000000	n/a	n/a	Tst Stim: BE	n/a	n/a	S 63
1831.8980000000	n/a	n/a	Test Resp: right,correct	n/a	n/a	S  2
1833.0800000000	n/a	n/a	Tst Stim: BC	n/a	n/a	S 62
1833.7460000000	n/a	n/a	Test Resp: right,correct	n/a	n/a	S  2
1834.9140000000	n/a	n/a	Tst Stim: DA	n/a	n/a	S 51
1835.8420000000	n/a	n/a	Test Resp: left,incorrect	n/a	n/a	S  3
1837.0120000000	n/a	n/a	Tst Stim: EB	n/a	n/a	S 36
1837.8900000000	n/a	n/a	Test Resp: left,correct	n/a	n/a	S  1
1839.0620000000	n/a	n/a	Tst Stim: EC	n/a	n/a	S 32
1839.9860000000	n/a	n/a	Test Resp: left,incorrect	n/a	n/a	S  3
1841.1620000000	n/a	n/a	Tst Stim: BF	n/a	n/a	S 64
1841.8500000000	n/a	n/a	Test Resp: right,correct	n/a	n/a	S  2
1843.0280000000	n/a	n/a	Tst Stim: DB	n/a	n/a	S 56
1843.7300000000	n/a	n/a	Test Resp: left,correct	n/a	n/a	S  1
1844.9100000000	n/a	n/a	Tst Stim: AB	n/a	n/a	S 16
1846.1860000000	n/a	n/a	Test Resp: left,correct	n/a	n/a	S  1
1847.3600000000	n/a	n/a	Tst Stim: BD	n/a	n/a	S 65
1848.1300000000	n/a	n/a	Test Resp: right,correct	n/a	n/a	S  2
1849.3080000000	n/a	n/a	Tst Stim: CE	n/a	n/a	S 23
1850.0340000000	n/a	n/a	Test Resp: left,correct	n/a	n/a	S  1
1851.2080000000	n/a	n/a	Tst Stim: DA	n/a	n/a	S 51
1853.0660000000	n/a	n/a	Test Resp: right,correct	n/a	n/a	S  2
1854.2400000000	n/a	n/a	Tst Stim: FD	n/a	n/a	S 45
1854.9540000000	n/a	n/a	Test Resp: left,correct	n/a	n/a	S  1
1856.1240000000	n/a	n/a	Tst Stim: ED	n/a	n/a	S 35
1856.8260000000	n/a	n/a	Test Resp: left,correct	n/a	n/a	S  1
1858.0060000000	n/a	n/a	Tst Stim: BD	n/a	n/a	S 65
1858.6660000000	n/a	n/a	Test Resp: right,correct	n/a	n/a	S  2
1859.8380000000	n/a	n/a	Tst Stim: FC	n/a	n/a	S 42
1860.4900000000	n/a	n/a	Test Resp: right,correct	n/a	n/a	S  2
1861.6720000000	n/a	n/a	Tst Stim: AE	n/a	n/a	S 13
1862.6580000000	n/a	n/a	Test Resp: left,correct	n/a	n/a	S  1
1863.8380000000	n/a	n/a	Tst Stim: FB	n/a	n/a	S 46
1864.4420000000	n/a	n/a	Test Resp: right,incorrect	n/a	n/a	S  4
1865.6200000000	n/a	n/a	Tst Stim: FD	n/a	n/a	S 45
1866.4820000000	n/a	n/a	Test Resp: right,incorrect	n/a	n/a	S  4
1867.6540000000	n/a	n/a	Tst Stim: FD	n/a	n/a	S 45
1868.3560000000	n/a	n/a	Test Resp: left,correct	n/a	n/a	S  1
1869.5360000000	n/a	n/a	Tst Stim: FA	n/a	n/a	S 41
1870.2100000000	n/a	n/a	Test Resp: left,incorrect	n/a	n/a	S  3
1871.3860000000	n/a	n/a	Tst Stim: BF	n/a	n/a	S 64
1872.1300000000	n/a	n/a	Test Resp: right,correct	n/a	n/a	S  2
1873.3020000000	n/a	n/a	Tst Stim: CA	n/a	n/a	S 21
1874.4680000000	n/a	n/a	Test Resp: right,correct	n/a	n/a	S  2
1875.6360000000	n/a	n/a	Tst Stim: BA	n/a	n/a	S 61
1876.4040000000	n/a	n/a	Test Resp: left,incorrect	n/a	n/a	S  3
1877.5840000000	n/a	n/a	Tst Stim: FB	n/a	n/a	S 46
1878.3560000000	n/a	n/a	Test Resp: left,correct	n/a	n/a	S  1
1879.5320000000	n/a	n/a	Tst Stim: CB	n/a	n/a	S 26
1880.2760000000	n/a	n/a	Test Resp: left,correct	n/a	n/a	S  1
1881.4480000000	n/a	n/a	Tst Stim: DE	n/a	n/a	S 53
1882.1800000000	n/a	n/a	Test Resp: left,incorrect	n/a	n/a	S  3
1883.3480000000	n/a	n/a	Tst Stim: ED	n/a	n/a	S 35
1884.2360000000	n/a	n/a	Test Resp: left,correct	n/a	n/a	S  1
1885.4140000000	n/a	n/a	Tst Stim: ED	n/a	n/a	S 35
1886.2200000000	n/a	n/a	Test Resp: left,correct	n/a	n/a	S  1
1887.3960000000	n/a	n/a	Tst Stim: EA	n/a	n/a	S 31
1888.1480000000	n/a	n/a	Test Resp: left,incorrect	n/a	n/a	S  3
